,0
2020-05-16 10:45:54.855681,10000.0
2020-05-17 10:45:54.855681,10000.0
2020-05-18 10:45:54.855681,10000.0
2020-05-19 10:45:54.855681,10000.0
2020-05-20 10:45:54.855681,10000.0
2020-05-21 10:45:54.855681,10000.0
2020-05-22 10:45:54.855681,10000.0
2020-05-23 10:45:54.855681,10000.0
2020-05-24 10:45:54.855681,10000.0
2020-05-25 10:45:54.855681,10000.0
2020-05-26 10:45:54.855681,10000.0
2020-05-27 10:45:54.855681,10000.0
2020-05-28 10:45:54.855681,10000.0
2020-05-29 10:45:54.855681,10000.0
2020-05-30 10:45:54.855681,10000.0
2020-05-31 10:45:54.855681,10000.0
2020-06-01 10:45:54.855681,10000.0
2020-06-02 10:45:54.855681,10000.0
2020-06-03 10:45:54.855681,10000.0
2020-06-04 10:45:54.855681,10000.0
2020-06-05 10:45:54.855681,10000.0
2020-06-06 10:45:54.855681,10000.0
2020-06-07 10:45:54.855681,10000.0
2020-06-08 10:45:54.855681,10000.0
2020-06-09 10:45:54.855681,10000.0
2020-06-10 10:45:54.855681,10000.0
2020-06-11 10:45:54.855681,10000.0
2020-06-12 10:45:54.855681,10000.0
2020-06-13 10:45:54.855681,10000.0
2020-06-14 10:45:54.855681,10000.0
2020-06-15 10:45:54.855681,10000.0
2020-06-16 10:45:54.855681,10000.0
2020-06-17 10:45:54.855681,10000.0
2020-06-18 10:45:54.855681,10000.0
2020-06-19 10:45:54.855681,10000.0
2020-06-20 10:45:54.855681,10000.0
2020-06-21 10:45:54.855681,10000.0
2020-06-22 10:45:54.855681,10000.0
2020-06-23 10:45:54.855681,10000.0
2020-06-24 10:45:54.855681,10000.0
2020-06-25 10:45:54.855681,10000.0
2020-06-26 10:45:54.855681,10000.0
2020-06-27 10:45:54.855681,10000.0
2020-06-28 10:45:54.855681,10000.0
2020-06-29 10:45:54.855681,10000.0
2020-06-30 10:45:54.855681,10000.0
2020-07-01 10:45:54.855681,10000.0
2020-07-02 10:45:54.855681,10000.0
2020-07-03 10:45:54.855681,10000.0
2020-07-04 10:45:54.855681,10000.0
2020-07-05 10:45:54.855681,10000.0
2020-07-06 10:45:54.855681,10000.0
2020-07-07 10:45:54.855681,10000.0
2020-07-08 10:45:54.855681,10000.0
2020-07-09 10:45:54.855681,10000.0
2020-07-10 10:45:54.855681,10000.0
2020-07-11 10:45:54.855681,10000.0
2020-07-12 10:45:54.855681,10000.0
2020-07-13 10:45:54.855681,10000.0
2020-07-14 10:45:54.855681,10000.0
2020-07-15 10:45:54.855681,10000.0
2020-07-16 10:45:54.855681,10000.0
2020-07-17 10:45:54.855681,10000.0
2020-07-18 10:45:54.855681,10000.0
2020-07-19 10:45:54.855681,10000.0
2020-07-20 10:45:54.855681,10000.0
2020-07-21 10:45:54.855681,10000.0
2020-07-22 10:45:54.855681,10000.0
2020-07-23 10:45:54.855681,10000.0
2020-07-24 10:45:54.855681,10000.0
2020-07-25 10:45:54.855681,10000.0
2020-07-26 10:45:54.855681,10000.0
2020-07-27 10:45:54.855681,10000.0
2020-07-28 10:45:54.855681,10000.0
2020-07-29 10:45:54.855681,10000.0
2020-07-30 10:45:54.855681,10000.0
2020-07-31 10:45:54.855681,10000.0
2020-08-01 10:45:54.855681,10000.0
2020-08-02 10:45:54.855681,10000.0
2020-08-03 10:45:54.855681,10000.0
2020-08-04 10:45:54.855681,10000.0
2020-08-05 10:45:54.855681,10000.0
2020-08-06 10:45:54.855681,10000.0
2020-08-07 10:45:54.855681,10000.0
2020-08-08 10:45:54.855681,10000.0
2020-08-09 10:45:54.855681,10000.0
2020-08-10 10:45:54.855681,10000.0
2020-08-11 10:45:54.855681,10000.0
2020-08-12 10:45:54.855681,10000.0
2020-08-13 10:45:54.855681,10000.0
2020-08-14 10:45:54.855681,10000.0
2020-08-15 10:45:54.855681,10000.0
2020-08-16 10:45:54.855681,10000.0
2020-08-17 10:45:54.855681,10000.0
2020-08-18 10:45:54.855681,10000.0
2020-08-19 10:45:54.855681,10000.0
2020-08-20 10:45:54.855681,10000.0
2020-08-21 10:45:54.855681,10000.0
2020-08-22 10:45:54.855681,10000.0
2020-08-23 10:45:54.855681,10000.0
2020-08-24 10:45:54.855681,10000.0
2020-08-25 10:45:54.855681,10000.0
2020-08-26 10:45:54.855681,10000.0
2020-08-27 10:45:54.855681,10000.0
2020-08-28 10:45:54.855681,10000.0
2020-08-29 10:45:54.855681,10000.0
2020-08-30 10:45:54.855681,10000.0
2020-08-31 10:45:54.855681,10000.0
2020-09-01 10:45:54.855681,10000.0
2020-09-02 10:45:54.855681,10000.0
2020-09-03 10:45:54.855681,10000.0
2020-09-04 10:45:54.855681,10000.0
2020-09-05 10:45:54.855681,10000.0
2020-09-06 10:45:54.855681,10000.0
2020-09-07 10:45:54.855681,10000.0
2020-09-08 10:45:54.855681,10000.0
2020-09-09 10:45:54.855681,10000.0
2020-09-10 10:45:54.855681,10000.0
2020-09-11 10:45:54.855681,10000.0
2020-09-12 10:45:54.855681,10000.0
2020-09-13 10:45:54.855681,10000.0
2020-09-14 10:45:54.855681,10000.0
2020-09-15 10:45:54.855681,10000.0
2020-09-16 10:45:54.855681,10000.0
2020-09-17 10:45:54.855681,10000.0
2020-09-18 10:45:54.855681,7536.727399945776
2020-09-19 10:45:54.855681,7541.674822436961
2020-09-20 10:45:54.855681,7530.981440966056
2020-09-21 10:45:54.855681,7557.277560309562
2020-09-22 10:45:54.855681,7515.420621116251
2020-09-23 10:45:54.855681,7535.909665067423
2020-09-24 10:45:54.855681,7505.580333709371
2020-09-25 10:45:54.855681,7529.602644809519
2020-09-26 10:45:54.855681,7527.488716889503
2020-09-27 10:45:54.855681,10021.202496308528
2020-09-28 10:45:54.855681,10021.202496308528
2020-09-29 10:45:54.855681,10021.202496308528
2020-09-30 10:45:54.855681,10021.202496308528
2020-10-01 10:45:54.855681,10021.202496308528
2020-10-02 10:45:54.855681,10021.202496308528
2020-10-03 10:45:54.855681,10021.202496308528
2020-10-04 10:45:54.855681,7613.325768421719
2020-10-05 10:45:54.855681,7608.81297413207
2020-10-06 10:45:54.855681,7603.608041433587
2020-10-07 10:45:54.855681,7551.339320874591
2020-10-08 10:45:54.855681,7595.905173656879
2020-10-09 10:45:54.855681,7650.161054411011
2020-10-10 10:45:54.855681,7622.067163203659
2020-10-11 10:45:54.855681,7647.152497780707
2020-10-12 10:45:54.855681,7698.3032050226
2020-10-13 10:45:54.855681,7712.72475084706
2020-10-14 10:45:54.855681,7750.006406669339
2020-10-15 10:45:54.855681,7761.946189529538
2020-10-16 10:45:54.855681,7716.415918726631
2020-10-17 10:45:54.855681,7758.881186396112
2020-10-18 10:45:54.855681,7817.5418736799875
2020-10-19 10:45:54.855681,10342.909926970444
2020-10-20 10:45:54.855681,10342.909926970444
2020-10-21 10:45:54.855681,10342.909926970444
2020-10-22 10:45:54.855681,10342.909926970444
2020-10-23 10:45:54.855681,10342.909926970444
2020-10-24 10:45:54.855681,10342.909926970444
2020-10-25 10:45:54.855681,10342.909926970444
2020-10-26 10:45:54.855681,10342.909926970444
2020-10-27 10:45:54.855681,10342.909926970444
2020-10-28 10:45:54.855681,10342.909926970444
2020-10-29 10:45:54.855681,10342.909926970444
2020-10-30 10:45:54.855681,10342.909926970444
2020-10-31 10:45:54.855681,10342.909926970444
2020-11-01 10:45:54.855681,10342.909926970444
2020-11-02 10:45:54.855681,10342.909926970444
2020-11-03 10:45:54.855681,10342.909926970444
2020-11-04 10:45:54.855681,10342.909926970444
2020-11-05 10:45:54.855681,7767.500199589831
2020-11-06 10:45:54.855681,7717.293549922107
2020-11-07 10:45:54.855681,7716.285531180021
2020-11-08 10:45:54.855681,7682.886314319073
2020-11-09 10:45:54.855681,7719.8484666171
2020-11-10 10:45:54.855681,7725.902155719624
2020-11-11 10:45:54.855681,7723.734068522181
2020-11-12 10:45:54.855681,7721.695729739629
2020-11-13 10:45:54.855681,7752.008605274953
2020-11-14 10:45:54.855681,7739.061873862625
2020-11-15 10:45:54.855681,7770.379085147895
2020-11-16 10:45:54.855681,7814.511242662303
2020-11-17 10:45:54.855681,7806.222842654125
2020-11-18 10:45:54.855681,7772.754801741511
2020-11-19 10:45:54.855681,7754.289214174155
2020-11-20 10:45:54.855681,10333.561885774474
2020-11-21 10:45:54.855681,10333.561885774474
2020-11-22 10:45:54.855681,10333.561885774474
2020-11-23 10:45:54.855681,10333.561885774474
2020-11-24 10:45:54.855681,7763.8834787627375
2020-11-25 10:45:54.855681,7736.463767004238
2020-11-26 10:45:54.855681,7777.663897135946
2020-11-27 10:45:54.855681,7784.445066628533
2020-11-28 10:45:54.855681,7821.092245245368
2020-11-29 10:45:54.855681,7867.360561182646
2020-11-30 10:45:54.855681,7834.576769862073
2020-12-01 10:45:54.855681,7890.004707859628
2020-12-02 10:45:54.855681,7978.363301816646
2020-12-03 10:45:54.855681,7925.900020646337
2020-12-04 10:45:54.855681,7953.30699735073
2020-12-05 10:45:54.855681,7980.421127029047
2020-12-06 10:45:54.855681,7985.272154184352
2020-12-07 10:45:54.855681,8070.885710617375
2020-12-08 10:45:54.855681,8219.55086154068
2020-12-09 10:45:54.855681,10712.028526841192
2020-12-10 10:45:54.855681,10712.028526841192
2020-12-11 10:45:54.855681,8176.315152534243
2020-12-12 10:45:54.855681,8204.519066250663
2020-12-13 10:45:54.855681,8224.163939847047
2020-12-14 10:45:54.855681,8117.1543169409
2020-12-15 10:45:54.855681,7976.3656591796625
2020-12-16 10:45:54.855681,10673.621443775359
2020-12-17 10:45:54.855681,10673.621443775359
2020-12-18 10:45:54.855681,10673.621443775359
2020-12-19 10:45:54.855681,10673.621443775359
2020-12-20 10:45:54.855681,10673.621443775359
2020-12-21 10:45:54.855681,10673.621443775359
2020-12-22 10:45:54.855681,10673.621443775359
2020-12-23 10:45:54.855681,10673.621443775359
2020-12-24 10:45:54.855681,10673.621443775359
2020-12-25 10:45:54.855681,10673.621443775359
2020-12-26 10:45:54.855681,10673.621443775359
2020-12-27 10:45:54.855681,10673.621443775359
2020-12-28 10:45:54.855681,10673.621443775359
2020-12-29 10:45:54.855681,10673.621443775359
2020-12-30 10:45:54.855681,10673.621443775359
2020-12-31 10:45:54.855681,10673.621443775359
2021-01-01 10:45:54.855681,10673.621443775359
2021-01-02 10:45:54.855681,10673.621443775359
2021-01-03 10:45:54.855681,10673.621443775359
2021-01-04 10:45:54.855681,10673.621443775359
2021-01-05 10:45:54.855681,10673.621443775359
2021-01-06 10:45:54.855681,8416.838342768056
2021-01-07 10:45:54.855681,8382.7678314278
2021-01-08 10:45:54.855681,8259.97634348428
2021-01-09 10:45:54.855681,10497.826975945289
2021-01-10 10:45:54.855681,10497.826975945289
2021-01-11 10:45:54.855681,10497.826975945289
2021-01-12 10:45:54.855681,10497.826975945289
2021-01-13 10:45:54.855681,10497.826975945289
2021-01-14 10:45:54.855681,10497.826975945289
2021-01-15 10:45:54.855681,10497.826975945289
2021-01-16 10:45:54.855681,10497.826975945289
2021-01-17 10:45:54.855681,10497.826975945289
2021-01-18 10:45:54.855681,10497.826975945289
2021-01-19 10:45:54.855681,10497.826975945289
2021-01-20 10:45:54.855681,10497.826975945289
2021-01-21 10:45:54.855681,8831.316429288127
2021-01-22 10:45:54.855681,8760.33428857125
2021-01-23 10:45:54.855681,8745.111078328455
2021-01-24 10:45:54.855681,10359.784260231263
2021-01-25 10:45:54.855681,10359.784260231263
2021-01-26 10:45:54.855681,10359.784260231263
2021-01-27 10:45:54.855681,10359.784260231263
2021-01-28 10:45:54.855681,10359.784260231263
2021-01-29 10:45:54.855681,10359.784260231263
2021-01-30 10:45:54.855681,10359.784260231263
2021-01-31 10:45:54.855681,10359.784260231263
2021-02-01 10:45:54.855681,10359.784260231263
2021-02-02 10:45:54.855681,10359.784260231263
2021-02-03 10:45:54.855681,10359.784260231263
2021-02-04 10:45:54.855681,10359.784260231263
2021-02-05 10:45:54.855681,10359.784260231263
2021-02-06 10:45:54.855681,10359.784260231263
2021-02-07 10:45:54.855681,10359.784260231263
2021-02-08 10:45:54.855681,10359.784260231263
2021-02-09 10:45:54.855681,10359.784260231263
2021-02-10 10:45:54.855681,10359.784260231263
2021-02-11 10:45:54.855681,10359.784260231263
2021-02-12 10:45:54.855681,10359.784260231263
2021-02-13 10:45:54.855681,10359.784260231263
2021-02-14 10:45:54.855681,10359.784260231263
2021-02-15 10:45:54.855681,10359.784260231263
2021-02-16 10:45:54.855681,9155.653763200147
2021-02-17 10:45:54.855681,9161.049675949731
2021-02-18 10:45:54.855681,9181.138616559256
2021-02-19 10:45:54.855681,9178.048979113037
2021-02-20 10:45:54.855681,9157.128982476183
2021-02-21 10:45:54.855681,9165.859792515694
2021-02-22 10:45:54.855681,9205.77848137023
2021-02-23 10:45:54.855681,9187.472827008725
2021-02-24 10:45:54.855681,9159.51039205951
2021-02-25 10:45:54.855681,10393.822250497888
2021-02-26 10:45:54.855681,10393.822250497888
2021-02-27 10:45:54.855681,10393.822250497888
2021-02-28 10:45:54.855681,8101.729009119256
2021-03-01 10:45:54.855681,8151.663005671401
2021-03-02 10:45:54.855681,8103.3154813028195
2021-03-03 10:45:54.855681,8173.044856484518
2021-03-04 10:45:54.855681,8223.705481968142
2021-03-05 10:45:54.855681,8167.1932466112185
2021-03-06 10:45:54.855681,8017.021671476366
2021-03-07 10:45:54.855681,10384.077177389494
2021-03-08 10:45:54.855681,10384.077177389494
2021-03-09 10:45:54.855681,10384.077177389494
2021-03-10 10:45:54.855681,10384.077177389494
2021-03-11 10:45:54.855681,10384.077177389494
2021-03-12 10:45:54.855681,10384.077177389494
2021-03-13 10:45:54.855681,10384.077177389494
2021-03-14 10:45:54.855681,10384.077177389494
2021-03-15 10:45:54.855681,10384.077177389494
2021-03-16 10:45:54.855681,10384.077177389494
2021-03-17 10:45:54.855681,10384.077177389494
2021-03-18 10:45:54.855681,10384.077177389494
2021-03-19 10:45:54.855681,10384.077177389494
2021-03-20 10:45:54.855681,10384.077177389494
2021-03-21 10:45:54.855681,10384.077177389494
2021-03-22 10:45:54.855681,10384.077177389494
2021-03-23 10:45:54.855681,8077.320015871182
2021-03-24 10:45:54.855681,7929.8708096602895
2021-03-25 10:45:54.855681,7887.830106669787
2021-03-26 10:45:54.855681,10308.55254395122
2021-03-27 10:45:54.855681,10308.55254395122
2021-03-28 10:45:54.855681,10308.55254395122
2021-03-29 10:45:54.855681,10308.55254395122
2021-03-30 10:45:54.855681,10308.55254395122
2021-03-31 10:45:54.855681,10308.55254395122
2021-04-01 10:45:54.855681,10308.55254395122
2021-04-02 10:45:54.855681,10308.55254395122
2021-04-03 10:45:54.855681,10308.55254395122
2021-04-04 10:45:54.855681,10308.55254395122
2021-04-05 10:45:54.855681,10308.55254395122
2021-04-06 10:45:54.855681,10308.55254395122
2021-04-07 10:45:54.855681,8886.755790420535
2021-04-08 10:45:54.855681,8896.195643745596
2021-04-09 10:45:54.855681,8923.954192553583
2021-04-10 10:45:54.855681,8968.507351937018
2021-04-11 10:45:54.855681,9029.532676788509
2021-04-12 10:45:54.855681,9008.31732181825
2021-04-13 10:45:54.855681,8973.562762039683
2021-04-14 10:45:54.855681,9041.202842025097
2021-04-15 10:45:54.855681,8937.862076212137
2021-04-16 10:45:54.855681,10338.458465341939
2021-04-17 10:45:54.855681,10338.458465341939
2021-04-18 10:45:54.855681,10338.458465341939
2021-04-19 10:45:54.855681,10338.458465341939
2021-04-20 10:45:54.855681,10338.458465341939
2021-04-21 10:45:54.855681,10338.458465341939
2021-04-22 10:45:54.855681,10338.458465341939
2021-04-23 10:45:54.855681,8365.062199683685
2021-04-24 10:45:54.855681,8374.27073422434
2021-04-25 10:45:54.855681,8273.913570554549
2021-04-26 10:45:54.855681,8213.519549239507
2021-04-27 10:45:54.855681,10218.861957317044
2021-04-28 10:45:54.855681,10218.861957317044
2021-04-29 10:45:54.855681,10218.861957317044
2021-04-30 10:45:54.855681,10218.861957317044
2021-05-01 10:45:54.855681,10218.861957317044
2021-05-02 10:45:54.855681,10218.861957317044
2021-05-03 10:45:54.855681,10218.861957317044
2021-05-04 10:45:54.855681,8127.562975800484
2021-05-05 10:45:54.855681,8098.336537151826
2021-05-06 10:45:54.855681,8234.162327884358
2021-05-07 10:45:54.855681,8335.858306323855
2021-05-08 10:45:54.855681,8490.1512940153
2021-05-09 10:45:54.855681,10621.073382298635
2021-05-10 10:45:54.855681,10621.073382298635
2021-05-11 10:45:54.855681,8345.91161471441
2021-05-12 10:45:54.855681,8397.8137809399
2021-05-13 10:45:54.855681,8390.170782187139
2021-05-14 10:45:54.855681,8292.917682232695
2021-05-15 10:45:54.855681,10446.221994559273
2021-05-16 10:45:54.855681,10446.221994559273
2021-05-17 10:45:54.855681,10446.221994559273
2021-05-18 10:45:54.855681,10446.221994559273
2021-05-19 10:45:54.855681,10446.221994559273
2021-05-20 10:45:54.855681,10446.221994559273
2021-05-21 10:45:54.855681,10446.221994559273
2021-05-22 10:45:54.855681,10446.221994559273
2021-05-23 10:45:54.855681,10446.221994559273
2021-05-24 10:45:54.855681,10446.221994559273
2021-05-25 10:45:54.855681,10446.221994559273
2021-05-26 10:45:54.855681,10446.221994559273
2021-05-27 10:45:54.855681,10446.221994559273
2021-05-28 10:45:54.855681,10446.221994559273
2021-05-29 10:45:54.855681,10446.221994559273
2021-05-30 10:45:54.855681,10446.221994559273
2021-05-31 10:45:54.855681,10446.221994559273
2021-06-01 10:45:54.855681,10446.221994559273
2021-06-02 10:45:54.855681,10446.221994559273
2021-06-03 10:45:54.855681,10446.221994559273
2021-06-04 10:45:54.855681,10446.221994559273
2021-06-05 10:45:54.855681,10446.221994559273
2021-06-06 10:45:54.855681,10446.221994559273
2021-06-07 10:45:54.855681,10446.221994559273
2021-06-08 10:45:54.855681,10446.221994559273
2021-06-09 10:45:54.855681,10446.221994559273
2021-06-10 10:45:54.855681,10446.221994559273
2021-06-11 10:45:54.855681,10446.221994559273
2021-06-12 10:45:54.855681,10446.221994559273
2021-06-13 10:45:54.855681,10446.221994559273
2021-06-14 10:45:54.855681,10446.221994559273
2021-06-15 10:45:54.855681,10446.221994559273
2021-06-16 10:45:54.855681,10446.221994559273
2021-06-17 10:45:54.855681,10446.221994559273
2021-06-18 10:45:54.855681,10446.221994559273
2021-06-19 10:45:54.855681,10446.221994559273
2021-06-20 10:45:54.855681,10446.221994559273
2021-06-21 10:45:54.855681,10446.221994559273
2021-06-22 10:45:54.855681,10446.221994559273
2021-06-23 10:45:54.855681,8334.274580769032
2021-06-24 10:45:54.855681,8362.696448610295
2021-06-25 10:45:54.855681,8369.211095660186
2021-06-26 10:45:54.855681,8343.929093988701
2021-06-27 10:45:54.855681,8336.587920180127
2021-06-28 10:45:54.855681,8374.96659459558
2021-06-29 10:45:54.855681,8400.351848704115
2021-06-30 10:45:54.855681,8390.896408732047
2021-07-01 10:45:54.855681,8382.168201919247
2021-07-02 10:45:54.855681,8337.442935587249
2021-07-03 10:45:54.855681,10472.894084487842
2021-07-04 10:45:54.855681,10472.894084487842
2021-07-05 10:45:54.855681,10472.894084487842
2021-07-06 10:45:54.855681,10472.894084487842
2021-07-07 10:45:54.855681,10472.894084487842
2021-07-08 10:45:54.855681,10472.894084487842
2021-07-09 10:45:54.855681,10472.894084487842
2021-07-10 10:45:54.855681,10472.894084487842
2021-07-11 10:45:54.855681,10472.894084487842
2021-07-12 10:45:54.855681,10472.894084487842
2021-07-13 10:45:54.855681,10472.894084487842
2021-07-14 10:45:54.855681,10472.894084487842
2021-07-15 10:45:54.855681,10472.894084487842
2021-07-16 10:45:54.855681,10472.894084487842
2021-07-17 10:45:54.855681,10472.894084487842
2021-07-18 10:45:54.855681,10472.894084487842
2021-07-19 10:45:54.855681,10472.894084487842
2021-07-20 10:45:54.855681,10472.894084487842
2021-07-21 10:45:54.855681,10472.894084487842
2021-07-22 10:45:54.855681,10472.894084487842
2021-07-23 10:45:54.855681,10472.894084487842
2021-07-24 10:45:54.855681,10472.894084487842
2021-07-25 10:45:54.855681,10472.894084487842
2021-07-26 10:45:54.855681,10472.894084487842
2021-07-27 10:45:54.855681,10472.894084487842
2021-07-28 10:45:54.855681,10472.894084487842
2021-07-29 10:45:54.855681,10472.894084487842
2021-07-30 10:45:54.855681,10472.894084487842
2021-07-31 10:45:54.855681,10472.894084487842
2021-08-01 10:45:54.855681,10472.894084487842
2021-08-02 10:45:54.855681,10472.894084487842
2021-08-03 10:45:54.855681,10472.894084487842
2021-08-04 10:45:54.855681,10472.894084487842
2021-08-05 10:45:54.855681,10472.894084487842
2021-08-06 10:45:54.855681,10472.894084487842
2021-08-07 10:45:54.855681,10472.894084487842
2021-08-08 10:45:54.855681,10472.894084487842
2021-08-09 10:45:54.855681,10472.894084487842
2021-08-10 10:45:54.855681,10472.894084487842
2021-08-11 10:45:54.855681,10472.894084487842
2021-08-12 10:45:54.855681,10472.894084487842
2021-08-13 10:45:54.855681,10472.894084487842
2021-08-14 10:45:54.855681,10472.894084487842
2021-08-15 10:45:54.855681,10472.894084487842
2021-08-16 10:45:54.855681,10472.894084487842
2021-08-17 10:45:54.855681,10472.894084487842
2021-08-18 10:45:54.855681,10472.894084487842
2021-08-19 10:45:54.855681,10472.894084487842
2021-08-20 10:45:54.855681,10472.894084487842
2021-08-21 10:45:54.855681,10472.894084487842
2021-08-22 10:45:54.855681,10472.894084487842
2021-08-23 10:45:54.855681,10472.894084487842
2021-08-24 10:45:54.855681,10472.894084487842
2021-08-25 10:45:54.855681,10472.894084487842
2021-08-26 10:45:54.855681,10472.894084487842
2021-08-27 10:45:54.855681,10472.894084487842
2021-08-28 10:45:54.855681,10472.894084487842
2021-08-29 10:45:54.855681,10472.894084487842
2021-08-30 10:45:54.855681,10472.894084487842
2021-08-31 10:45:54.855681,10472.894084487842
2021-09-01 10:45:54.855681,10472.894084487842
2021-09-02 10:45:54.855681,10472.894084487842
2021-09-03 10:45:54.855681,10472.894084487842
2021-09-04 10:45:54.855681,10472.894084487842
2021-09-05 10:45:54.855681,10472.894084487842
2021-09-06 10:45:54.855681,10472.894084487842
2021-09-07 10:45:54.855681,10472.894084487842
2021-09-08 10:45:54.855681,10472.894084487842
2021-09-09 10:45:54.855681,10472.894084487842
2021-09-10 10:45:54.855681,10472.894084487842
2021-09-11 10:45:54.855681,10472.894084487842
2021-09-12 10:45:54.855681,10472.894084487842
2021-09-13 10:45:54.855681,10472.894084487842
2021-09-14 10:45:54.855681,10472.894084487842
2021-09-15 10:45:54.855681,10472.894084487842
2021-09-16 10:45:54.855681,10472.894084487842
2021-09-17 10:45:54.855681,10472.894084487842
2021-09-18 10:45:54.855681,10472.894084487842
2021-09-19 10:45:54.855681,10472.894084487842
2021-09-20 10:45:54.855681,10472.894084487842
2021-09-21 10:45:54.855681,10472.894084487842
2021-09-22 10:45:54.855681,10472.894084487842
2021-09-23 10:45:54.855681,10472.894084487842
2021-09-24 10:45:54.855681,10472.894084487842
2021-09-25 10:45:54.855681,10472.894084487842
2021-09-26 10:45:54.855681,10472.894084487842
2021-09-27 10:45:54.855681,10472.894084487842
2021-09-28 10:45:54.855681,10472.894084487842
2021-09-29 10:45:54.855681,10472.894084487842
2021-09-30 10:45:54.855681,10472.894084487842
2021-10-01 10:45:54.855681,10472.894084487842
2021-10-02 10:45:54.855681,10472.894084487842
2021-10-03 10:45:54.855681,10472.894084487842
2021-10-04 10:45:54.855681,10472.894084487842
2021-10-05 10:45:54.855681,10472.894084487842
2021-10-06 10:45:54.855681,10472.894084487842
2021-10-07 10:45:54.855681,10472.894084487842
2021-10-08 10:45:54.855681,10472.894084487842
2021-10-09 10:45:54.855681,10472.894084487842
2021-10-10 10:45:54.855681,10472.894084487842
2021-10-11 10:45:54.855681,10472.894084487842
2021-10-12 10:45:54.855681,10472.894084487842
2021-10-13 10:45:54.855681,10472.894084487842
2021-10-14 10:45:54.855681,10472.894084487842
2021-10-15 10:45:54.855681,10472.894084487842
2021-10-16 10:45:54.855681,10472.894084487842
2021-10-17 10:45:54.855681,10472.894084487842
2021-10-18 10:45:54.855681,10472.894084487842
2021-10-19 10:45:54.855681,10472.894084487842
2021-10-20 10:45:54.855681,10472.894084487842
2021-10-21 10:45:54.855681,10472.894084487842
2021-10-22 10:45:54.855681,10472.894084487842
2021-10-23 10:45:54.855681,10472.894084487842
2021-10-24 10:45:54.855681,10472.894084487842
2021-10-25 10:45:54.855681,10472.894084487842
2021-10-26 10:45:54.855681,10472.894084487842
2021-10-27 10:45:54.855681,10472.894084487842
2021-10-28 10:45:54.855681,10472.894084487842
2021-10-29 10:45:54.855681,10472.894084487842
2021-10-30 10:45:54.855681,10472.894084487842
2021-10-31 10:45:54.855681,10472.894084487842
2021-11-01 10:45:54.855681,10472.894084487842
2021-11-02 10:45:54.855681,10472.894084487842
2021-11-03 10:45:54.855681,10472.894084487842
2021-11-04 10:45:54.855681,10472.894084487842
2021-11-05 10:45:54.855681,10472.894084487842
2021-11-06 10:45:54.855681,10472.894084487842
2021-11-07 10:45:54.855681,10472.894084487842
2021-11-08 10:45:54.855681,10472.894084487842
2021-11-09 10:45:54.855681,10472.894084487842
2021-11-10 10:45:54.855681,10472.894084487842
2021-11-11 10:45:54.855681,10472.894084487842
2021-11-12 10:45:54.855681,10472.894084487842
2021-11-13 10:45:54.855681,10472.894084487842
2021-11-14 10:45:54.855681,10472.894084487842
2021-11-15 10:45:54.855681,10472.894084487842
2021-11-16 10:45:54.855681,10472.894084487842
2021-11-17 10:45:54.855681,10472.894084487842
2021-11-18 10:45:54.855681,10472.894084487842
2021-11-19 10:45:54.855681,10472.894084487842
2021-11-20 10:45:54.855681,10472.894084487842
2021-11-21 10:45:54.855681,10472.894084487842
2021-11-22 10:45:54.855681,10472.894084487842
2021-11-23 10:45:54.855681,10472.894084487842
2021-11-24 10:45:54.855681,10472.894084487842
2021-11-25 10:45:54.855681,10472.894084487842
2021-11-26 10:45:54.855681,10472.894084487842
2021-11-27 10:45:54.855681,10472.894084487842
2021-11-28 10:45:54.855681,10472.894084487842
2021-11-29 10:45:54.855681,10472.894084487842
2021-11-30 10:45:54.855681,10472.894084487842
2021-12-01 10:45:54.855681,10472.894084487842
2021-12-02 10:45:54.855681,10472.894084487842
2021-12-03 10:45:54.855681,10472.894084487842
2021-12-04 10:45:54.855681,10472.894084487842
2021-12-05 10:45:54.855681,10472.894084487842
2021-12-06 10:45:54.855681,10472.894084487842
2021-12-07 10:45:54.855681,10472.894084487842
2021-12-08 10:45:54.855681,10472.894084487842
2021-12-09 10:45:54.855681,10472.894084487842
2021-12-10 10:45:54.855681,10472.894084487842
2021-12-11 10:45:54.855681,10472.894084487842
2021-12-12 10:45:54.855681,10472.894084487842
2021-12-13 10:45:54.855681,10472.894084487842
2021-12-14 10:45:54.855681,10472.894084487842
2021-12-15 10:45:54.855681,10472.894084487842
2021-12-16 10:45:54.855681,10472.894084487842
2021-12-17 10:45:54.855681,10472.894084487842
2021-12-18 10:45:54.855681,10472.894084487842
2021-12-19 10:45:54.855681,10472.894084487842
2021-12-20 10:45:54.855681,10472.894084487842
2021-12-21 10:45:54.855681,10472.894084487842
2021-12-22 10:45:54.855681,10472.894084487842
2021-12-23 10:45:54.855681,10472.894084487842
2021-12-24 10:45:54.855681,10472.894084487842
2021-12-25 10:45:54.855681,10472.894084487842
2021-12-26 10:45:54.855681,10472.894084487842
2021-12-27 10:45:54.855681,10472.894084487842
2021-12-28 10:45:54.855681,7887.2825548357
2021-12-29 10:45:54.855681,7838.905114600852
2021-12-30 10:45:54.855681,7845.862371755735
2021-12-31 10:45:54.855681,7814.421970488824
2022-01-01 10:45:54.855681,7797.958609655563
2022-01-02 10:45:54.855681,10409.726846687237
2022-01-03 10:45:54.855681,10409.726846687237
2022-01-04 10:45:54.855681,10409.726846687237
2022-01-05 10:45:54.855681,10409.726846687237
2022-01-06 10:45:54.855681,10409.726846687237
2022-01-07 10:45:54.855681,10409.726846687237
2022-01-08 10:45:54.855681,10409.726846687237
2022-01-09 10:45:54.855681,10409.726846687237
2022-01-10 10:45:54.855681,10409.726846687237
2022-01-11 10:45:54.855681,7839.078590714043
2022-01-12 10:45:54.855681,7850.572108730004
2022-01-13 10:45:54.855681,7872.726695371522
2022-01-14 10:45:54.855681,7885.607682489409
2022-01-15 10:45:54.855681,7825.1047853090995
2022-01-16 10:45:54.855681,7752.012106122285
2022-01-17 10:45:54.855681,10348.025838978949
2022-01-18 10:45:54.855681,10348.025838978949
2022-01-19 10:45:54.855681,10348.025838978949
2022-01-20 10:45:54.855681,10348.025838978949
2022-01-21 10:45:54.855681,10348.025838978949
2022-01-22 10:45:54.855681,10348.025838978949
2022-01-23 10:45:54.855681,8388.794012283086
2022-01-24 10:45:54.855681,8366.01253498663
2022-01-25 10:45:54.855681,8358.846932597377
2022-01-26 10:45:54.855681,8399.10086384877
2022-01-27 10:45:54.855681,8377.295096842246
2022-01-28 10:45:54.855681,8408.592785374569
2022-01-29 10:45:54.855681,8317.196847152045
2022-01-30 10:45:54.855681,10294.853927303044
2022-01-31 10:45:54.855681,10294.853927303044
2022-02-01 10:45:54.855681,10294.853927303044
2022-02-02 10:45:54.855681,10294.853927303044
2022-02-03 10:45:54.855681,10294.853927303044
2022-02-04 10:45:54.855681,10294.853927303044
2022-02-05 10:45:54.855681,10294.853927303044
2022-02-06 10:45:54.855681,10294.853927303044
2022-02-07 10:45:54.855681,10294.853927303044
2022-02-08 10:45:54.855681,10294.853927303044
2022-02-09 10:45:54.855681,10294.853927303044
2022-02-10 10:45:54.855681,10294.853927303044
2022-02-11 10:45:54.855681,10294.853927303044
2022-02-12 10:45:54.855681,10294.853927303044
2022-02-13 10:45:54.855681,10294.853927303044
2022-02-14 10:45:54.855681,10294.853927303044
2022-02-15 10:45:54.855681,10294.853927303044
2022-02-16 10:45:54.855681,10294.853927303044
2022-02-17 10:45:54.855681,10294.853927303044
2022-02-18 10:45:54.855681,10294.853927303044
2022-02-19 10:45:54.855681,10294.853927303044
2022-02-20 10:45:54.855681,10294.853927303044
2022-02-21 10:45:54.855681,10294.853927303044
2022-02-22 10:45:54.855681,10294.853927303044
2022-02-23 10:45:54.855681,10294.853927303044
2022-02-24 10:45:54.855681,10294.853927303044
2022-02-25 10:45:54.855681,10294.853927303044
2022-02-26 10:45:54.855681,10294.853927303044
2022-02-27 10:45:54.855681,10294.853927303044
2022-02-28 10:45:54.855681,10294.853927303044
2022-03-01 10:45:54.855681,10294.853927303044
2022-03-02 10:45:54.855681,10294.853927303044
2022-03-03 10:45:54.855681,10294.853927303044
2022-03-04 10:45:54.855681,10294.853927303044
2022-03-05 10:45:54.855681,10294.853927303044
2022-03-06 10:45:54.855681,10294.853927303044
2022-03-07 10:45:54.855681,10294.853927303044
2022-03-08 10:45:54.855681,10294.853927303044
2022-03-09 10:45:54.855681,10294.853927303044
2022-03-10 10:45:54.855681,10294.853927303044
2022-03-11 10:45:54.855681,10294.853927303044
2022-03-12 10:45:54.855681,10294.853927303044
2022-03-13 10:45:54.855681,10294.853927303044
2022-03-14 10:45:54.855681,10294.853927303044
2022-03-15 10:45:54.855681,10294.853927303044
2022-03-16 10:45:54.855681,10294.853927303044
2022-03-17 10:45:54.855681,10294.853927303044
2022-03-18 10:45:54.855681,10294.853927303044
2022-03-19 10:45:54.855681,10294.853927303044
2022-03-20 10:45:54.855681,10294.853927303044
2022-03-21 10:45:54.855681,10294.853927303044
2022-03-22 10:45:54.855681,10294.853927303044
2022-03-23 10:45:54.855681,10294.853927303044
2022-03-24 10:45:54.855681,10294.853927303044
2022-03-25 10:45:54.855681,10294.853927303044
2022-03-26 10:45:54.855681,10294.853927303044
2022-03-27 10:45:54.855681,10294.853927303044
2022-03-28 10:45:54.855681,10294.853927303044
2022-03-29 10:45:54.855681,10294.853927303044
2022-03-30 10:45:54.855681,10294.853927303044
2022-03-31 10:45:54.855681,10294.853927303044
2022-04-01 10:45:54.855681,10294.853927303044
2022-04-02 10:45:54.855681,10294.853927303044
2022-04-03 10:45:54.855681,10294.853927303044
2022-04-04 10:45:54.855681,10294.853927303044
2022-04-05 10:45:54.855681,10294.853927303044
2022-04-06 10:45:54.855681,10294.853927303044
2022-04-07 10:45:54.855681,10294.853927303044
2022-04-08 10:45:54.855681,10294.853927303044
2022-04-09 10:45:54.855681,10294.853927303044
2022-04-10 10:45:54.855681,10294.853927303044
2022-04-11 10:45:54.855681,10294.853927303044
2022-04-12 10:45:54.855681,10294.853927303044
2022-04-13 10:45:54.855681,10294.853927303044
2022-04-14 10:45:54.855681,10294.853927303044
2022-04-15 10:45:54.855681,10294.853927303044
2022-04-16 10:45:54.855681,10294.853927303044
2022-04-17 10:45:54.855681,10294.853927303044
2022-04-18 10:45:54.855681,10294.853927303044
2022-04-19 10:45:54.855681,10294.853927303044
2022-04-20 10:45:54.855681,10294.853927303044
2022-04-21 10:45:54.855681,10294.853927303044
2022-04-22 10:45:54.855681,10294.853927303044
2022-04-23 10:45:54.855681,10294.853927303044
2022-04-24 10:45:54.855681,10294.853927303044
2022-04-25 10:45:54.855681,10294.853927303044
2022-04-26 10:45:54.855681,10294.853927303044
2022-04-27 10:45:54.855681,10294.853927303044
2022-04-28 10:45:54.855681,10294.853927303044
2022-04-29 10:45:54.855681,10294.853927303044
2022-04-30 10:45:54.855681,10294.853927303044
2022-05-01 10:45:54.855681,10294.853927303044
2022-05-02 10:45:54.855681,10294.853927303044
2022-05-03 10:45:54.855681,10294.853927303044
2022-05-04 10:45:54.855681,10294.853927303044
2022-05-05 10:45:54.855681,10294.853927303044
2022-05-06 10:45:54.855681,10294.853927303044
2022-05-07 10:45:54.855681,10294.853927303044
2022-05-08 10:45:54.855681,10294.853927303044
2022-05-09 10:45:54.855681,10294.853927303044
2022-05-10 10:45:54.855681,10294.853927303044
2022-05-11 10:45:54.855681,10294.853927303044
2022-05-12 10:45:54.855681,10294.853927303044
2022-05-13 10:45:54.855681,10294.853927303044
2022-05-14 10:45:54.855681,10294.853927303044
2022-05-15 10:45:54.855681,10294.853927303044
2022-05-16 10:45:54.855681,10294.853927303044
2022-05-17 10:45:54.855681,10294.853927303044
2022-05-18 10:45:54.855681,10294.853927303044
2022-05-19 10:45:54.855681,10294.853927303044
2022-05-20 10:45:54.855681,10294.853927303044
2022-05-21 10:45:54.855681,10294.853927303044
2022-05-22 10:45:54.855681,10294.853927303044
2022-05-23 10:45:54.855681,10294.853927303044
2022-05-24 10:45:54.855681,10294.853927303044
2022-05-25 10:45:54.855681,10294.853927303044
2022-05-26 10:45:54.855681,10294.853927303044
2022-05-27 10:45:54.855681,10294.853927303044
2022-05-28 10:45:54.855681,10294.853927303044
2022-05-29 10:45:54.855681,10294.853927303044
2022-05-30 10:45:54.855681,10294.853927303044
2022-05-31 10:45:54.855681,10294.853927303044
2022-06-01 10:45:54.855681,10294.853927303044
2022-06-02 10:45:54.855681,10294.853927303044
2022-06-03 10:45:54.855681,10294.853927303044
2022-06-04 10:45:54.855681,10294.853927303044
2022-06-05 10:45:54.855681,10294.853927303044
2022-06-06 10:45:54.855681,10294.853927303044
2022-06-07 10:45:54.855681,10294.853927303044
2022-06-08 10:45:54.855681,10294.853927303044
2022-06-09 10:45:54.855681,10294.853927303044
2022-06-10 10:45:54.855681,10294.853927303044
2022-06-11 10:45:54.855681,10294.853927303044
2022-06-12 10:45:54.855681,10294.853927303044
2022-06-13 10:45:54.855681,10294.853927303044
2022-06-14 10:45:54.855681,10294.853927303044
2022-06-15 10:45:54.855681,10294.853927303044
2022-06-16 10:45:54.855681,10294.853927303044
2022-06-17 10:45:54.855681,10294.853927303044
2022-06-18 10:45:54.855681,10294.853927303044
2022-06-19 10:45:54.855681,10294.853927303044
2022-06-20 10:45:54.855681,10294.853927303044
2022-06-21 10:45:54.855681,10294.853927303044
2022-06-22 10:45:54.855681,10294.853927303044
2022-06-23 10:45:54.855681,10294.853927303044
2022-06-24 10:45:54.855681,10294.853927303044
2022-06-25 10:45:54.855681,10294.853927303044
2022-06-26 10:45:54.855681,10294.853927303044
2022-06-27 10:45:54.855681,10294.853927303044
2022-06-28 10:45:54.855681,10294.853927303044
2022-06-29 10:45:54.855681,10294.853927303044
2022-06-30 10:45:54.855681,10294.853927303044
2022-07-01 10:45:54.855681,10294.853927303044
2022-07-02 10:45:54.855681,10294.853927303044
2022-07-03 10:45:54.855681,10294.853927303044
2022-07-04 10:45:54.855681,10294.853927303044
2022-07-05 10:45:54.855681,10294.853927303044
2022-07-06 10:45:54.855681,10294.853927303044
2022-07-07 10:45:54.855681,10294.853927303044
2022-07-08 10:45:54.855681,10294.853927303044
2022-07-09 10:45:54.855681,10294.853927303044
2022-07-10 10:45:54.855681,10294.853927303044
2022-07-11 10:45:54.855681,10294.853927303044
2022-07-12 10:45:54.855681,10294.853927303044
2022-07-13 10:45:54.855681,10294.853927303044
2022-07-14 10:45:54.855681,10294.853927303044
2022-07-15 10:45:54.855681,10294.853927303044
2022-07-16 10:45:54.855681,10294.853927303044
2022-07-17 10:45:54.855681,10294.853927303044
2022-07-18 10:45:54.855681,10294.853927303044
2022-07-19 10:45:54.855681,10294.853927303044
2022-07-20 10:45:54.855681,10294.853927303044
2022-07-21 10:45:54.855681,10294.853927303044
2022-07-22 10:45:54.855681,10294.853927303044
2022-07-23 10:45:54.855681,10294.853927303044
2022-07-24 10:45:54.855681,10294.853927303044
2022-07-25 10:45:54.855681,10294.853927303044
2022-07-26 10:45:54.855681,10294.853927303044
2022-07-27 10:45:54.855681,10294.853927303044
2022-07-28 10:45:54.855681,10294.853927303044
2022-07-29 10:45:54.855681,10294.853927303044
2022-07-30 10:45:54.855681,10294.853927303044
2022-07-31 10:45:54.855681,10294.853927303044
2022-08-01 10:45:54.855681,10294.853927303044
2022-08-02 10:45:54.855681,10294.853927303044
2022-08-03 10:45:54.855681,10294.853927303044
2022-08-04 10:45:54.855681,10294.853927303044
2022-08-05 10:45:54.855681,10294.853927303044
2022-08-06 10:45:54.855681,10294.853927303044
2022-08-07 10:45:54.855681,10294.853927303044
2022-08-08 10:45:54.855681,10294.853927303044
2022-08-09 10:45:54.855681,10294.853927303044
2022-08-10 10:45:54.855681,10294.853927303044
2022-08-11 10:45:54.855681,10294.853927303044
2022-08-12 10:45:54.855681,10294.853927303044
2022-08-13 10:45:54.855681,10294.853927303044
2022-08-14 10:45:54.855681,10294.853927303044
2022-08-15 10:45:54.855681,10294.853927303044
2022-08-16 10:45:54.855681,10294.853927303044
2022-08-17 10:45:54.855681,10294.853927303044
2022-08-18 10:45:54.855681,10294.853927303044
2022-08-19 10:45:54.855681,10294.853927303044
2022-08-20 10:45:54.855681,10294.853927303044
2022-08-21 10:45:54.855681,10294.853927303044
2022-08-22 10:45:54.855681,10294.853927303044
2022-08-23 10:45:54.855681,10294.853927303044
2022-08-24 10:45:54.855681,10294.853927303044
2022-08-25 10:45:54.855681,10294.853927303044
2022-08-26 10:45:54.855681,10294.853927303044
2022-08-27 10:45:54.855681,10294.853927303044
2022-08-28 10:45:54.855681,10294.853927303044
2022-08-29 10:45:54.855681,10294.853927303044
2022-08-30 10:45:54.855681,10294.853927303044
2022-08-31 10:45:54.855681,10294.853927303044
2022-09-01 10:45:54.855681,10294.853927303044
2022-09-02 10:45:54.855681,10294.853927303044
2022-09-03 10:45:54.855681,10294.853927303044
2022-09-04 10:45:54.855681,10294.853927303044
2022-09-05 10:45:54.855681,10294.853927303044
2022-09-06 10:45:54.855681,10294.853927303044
2022-09-07 10:45:54.855681,10294.853927303044
2022-09-08 10:45:54.855681,10294.853927303044
2022-09-09 10:45:54.855681,10294.853927303044
2022-09-10 10:45:54.855681,10294.853927303044
2022-09-11 10:45:54.855681,10294.853927303044
2022-09-12 10:45:54.855681,10294.853927303044
2022-09-13 10:45:54.855681,10294.853927303044
2022-09-14 10:45:54.855681,10294.853927303044
2022-09-15 10:45:54.855681,10294.853927303044
2022-09-16 10:45:54.855681,10294.853927303044
2022-09-17 10:45:54.855681,10294.853927303044
2022-09-18 10:45:54.855681,10294.853927303044
2022-09-19 10:45:54.855681,10294.853927303044
2022-09-20 10:45:54.855681,10294.853927303044
2022-09-21 10:45:54.855681,10294.853927303044
2022-09-22 10:45:54.855681,10294.853927303044
2022-09-23 10:45:54.855681,10294.853927303044
2022-09-24 10:45:54.855681,10294.853927303044
2022-09-25 10:45:54.855681,10294.853927303044
2022-09-26 10:45:54.855681,10294.853927303044
2022-09-27 10:45:54.855681,10294.853927303044
2022-09-28 10:45:54.855681,10294.853927303044
2022-09-29 10:45:54.855681,10294.853927303044
2022-09-30 10:45:54.855681,10294.853927303044
2022-10-01 10:45:54.855681,10294.853927303044
2022-10-02 10:45:54.855681,10294.853927303044
2022-10-03 10:45:54.855681,10294.853927303044
2022-10-04 10:45:54.855681,10294.853927303044
2022-10-05 10:45:54.855681,10294.853927303044
2022-10-06 10:45:54.855681,10294.853927303044
2022-10-07 10:45:54.855681,10294.853927303044
2022-10-08 10:45:54.855681,10294.853927303044
2022-10-09 10:45:54.855681,10294.853927303044
2022-10-10 10:45:54.855681,10294.853927303044
2022-10-11 10:45:54.855681,10294.853927303044
2022-10-12 10:45:54.855681,10294.853927303044
2022-10-13 10:45:54.855681,10294.853927303044
2022-10-14 10:45:54.855681,10294.853927303044
2022-10-15 10:45:54.855681,10294.853927303044
2022-10-16 10:45:54.855681,10294.853927303044
2022-10-17 10:45:54.855681,10294.853927303044
2022-10-18 10:45:54.855681,10294.853927303044
2022-10-19 10:45:54.855681,10294.853927303044
2022-10-20 10:45:54.855681,10294.853927303044
2022-10-21 10:45:54.855681,10294.853927303044
2022-10-22 10:45:54.855681,10294.853927303044
2022-10-23 10:45:54.855681,10294.853927303044
2022-10-24 10:45:54.855681,8720.194500198028
2022-10-25 10:45:54.855681,8724.215123063801
2022-10-26 10:45:54.855681,8735.084387531499
2022-10-27 10:45:54.855681,8733.01339023949
2022-10-28 10:45:54.855681,8725.400692220883
2022-10-29 10:45:54.855681,8718.467375068469
2022-10-30 10:45:54.855681,10258.886203240729
2022-10-31 10:45:54.855681,10258.886203240729
2022-11-01 10:45:54.855681,10258.886203240729
2022-11-02 10:45:54.855681,10258.886203240729
2022-11-03 10:45:54.855681,10258.886203240729
2022-11-04 10:45:54.855681,10258.886203240729
2022-11-05 10:45:54.855681,10258.886203240729
2022-11-06 10:45:54.855681,10258.886203240729
2022-11-07 10:45:54.855681,10258.886203240729
2022-11-08 10:45:54.855681,10258.886203240729
2022-11-09 10:45:54.855681,10258.886203240729
2022-11-10 10:45:54.855681,10258.886203240729
2022-11-11 10:45:54.855681,10258.886203240729
2022-11-12 10:45:54.855681,10258.886203240729
2022-11-13 10:45:54.855681,10258.886203240729
2022-11-14 10:45:54.855681,10258.886203240729
2022-11-15 10:45:54.855681,10258.886203240729
2022-11-16 10:45:54.855681,10258.886203240729
2022-11-17 10:45:54.855681,10258.886203240729
2022-11-18 10:45:54.855681,10258.886203240729
2022-11-19 10:45:54.855681,10258.886203240729
2022-11-20 10:45:54.855681,10258.886203240729
2022-11-21 10:45:54.855681,10258.886203240729
2022-11-22 10:45:54.855681,10258.886203240729
2022-11-23 10:45:54.855681,10258.886203240729
2022-11-24 10:45:54.855681,10258.886203240729
2022-11-25 10:45:54.855681,10258.886203240729
2022-11-26 10:45:54.855681,10258.886203240729
2022-11-27 10:45:54.855681,10258.886203240729
2022-11-28 10:45:54.855681,10258.886203240729
2022-11-29 10:45:54.855681,10258.886203240729
2022-11-30 10:45:54.855681,10258.886203240729
2022-12-01 10:45:54.855681,10258.886203240729
2022-12-02 10:45:54.855681,10258.886203240729
2022-12-03 10:45:54.855681,10258.886203240729
2022-12-04 10:45:54.855681,10258.886203240729
2022-12-05 10:45:54.855681,10258.886203240729
2022-12-06 10:45:54.855681,10258.886203240729
2022-12-07 10:45:54.855681,10258.886203240729
2022-12-08 10:45:54.855681,10258.886203240729
2022-12-09 10:45:54.855681,10258.886203240729
2022-12-10 10:45:54.855681,8700.360597726516
2022-12-11 10:45:54.855681,8708.244546365419
2022-12-12 10:45:54.855681,8738.234963261613
2022-12-13 10:45:54.855681,8752.646372841216
2022-12-14 10:45:54.855681,8731.241152386725
2022-12-15 10:45:54.855681,8730.67437567477
2022-12-16 10:45:54.855681,8740.780420710138
2022-12-17 10:45:54.855681,8725.569058482086
2022-12-18 10:45:54.855681,8695.646503512531
2022-12-19 10:45:54.855681,10230.672026519347
2022-12-20 10:45:54.855681,10230.672026519347
2022-12-21 10:45:54.855681,10230.672026519347
2022-12-22 10:45:54.855681,10230.672026519347
2022-12-23 10:45:54.855681,10230.672026519347
2022-12-24 10:45:54.855681,10230.672026519347
2022-12-25 10:45:54.855681,10230.672026519347
2022-12-26 10:45:54.855681,10230.672026519347
2022-12-27 10:45:54.855681,10230.672026519347
2022-12-28 10:45:54.855681,10230.672026519347
2022-12-29 10:45:54.855681,10230.672026519347
2022-12-30 10:45:54.855681,10230.672026519347
2022-12-31 10:45:54.855681,10230.672026519347
2023-01-01 10:45:54.855681,10230.672026519347
2023-01-02 10:45:54.855681,10230.672026519347
2023-01-03 10:45:54.855681,10230.672026519347
2023-01-04 10:45:54.855681,10230.672026519347
2023-01-05 10:45:54.855681,10230.672026519347
2023-01-06 10:45:54.855681,10230.672026519347
2023-01-07 10:45:54.855681,10230.672026519347
2023-01-08 10:45:54.855681,10230.672026519347
2023-01-09 10:45:54.855681,10230.672026519347
2023-01-10 10:45:54.855681,10230.672026519347
2023-01-11 10:45:54.855681,10230.672026519347
2023-01-12 10:45:54.855681,10230.672026519347
2023-01-13 10:45:54.855681,8679.304083924011
2023-01-14 10:45:54.855681,8681.005603081645
2023-01-15 10:45:54.855681,8676.700678610961
2023-01-16 10:45:54.855681,8676.186689135391
2023-01-17 10:45:54.855681,8673.790864353608
2023-01-18 10:45:54.855681,8659.028390115742
2023-01-19 10:45:54.855681,10189.851306245228
2023-01-20 10:45:54.855681,10189.851306245228
2023-01-21 10:45:54.855681,10189.851306245228
2023-01-22 10:45:54.855681,10189.851306245228
2023-01-23 10:45:54.855681,10189.851306245228
2023-01-24 10:45:54.855681,10189.851306245228
2023-01-25 10:45:54.855681,10189.851306245228
2023-01-26 10:45:54.855681,10189.851306245228
2023-01-27 10:45:54.855681,10189.851306245228
2023-01-28 10:45:54.855681,10189.851306245228
2023-01-29 10:45:54.855681,10189.851306245228
2023-01-30 10:45:54.855681,10189.851306245228
2023-01-31 10:45:54.855681,8958.015246235615
2023-02-01 10:45:54.855681,8978.261136937856
2023-02-02 10:45:54.855681,8982.598953083214
2023-02-03 10:45:54.855681,9001.366225249465
2023-02-04 10:45:54.855681,8999.957708140671
2023-02-05 10:45:54.855681,9025.492930297863
2023-02-06 10:45:54.855681,9035.68747071223
2023-02-07 10:45:54.855681,9078.973026236667
2023-02-08 10:45:54.855681,9075.415695438427
2023-02-09 10:45:54.855681,9080.722428700834
2023-02-10 10:45:54.855681,9062.248313219532
2023-02-11 10:45:54.855681,9052.563993193316
2023-02-12 10:45:54.855681,9065.3991570025
2023-02-13 10:45:54.855681,9089.399164795243
2023-02-14 10:45:54.855681,10322.920061993502
2023-02-15 10:45:54.855681,7746.003608733602
2023-02-16 10:45:54.855681,7713.876571606158
2023-02-17 10:45:54.855681,7743.462186924273
2023-02-18 10:45:54.855681,7705.111881048914
2023-02-19 10:45:54.855681,7727.186142132071
2023-02-20 10:45:54.855681,7712.218448751449
2023-02-21 10:45:54.855681,7722.266674402911
2023-02-22 10:45:54.855681,7766.620778544983
2023-02-23 10:45:54.855681,7767.5104169084625
2023-02-24 10:45:54.855681,7806.133671048854
2023-02-25 10:45:54.855681,7844.928962106275
2023-02-26 10:45:54.855681,7776.376862719264
2023-02-27 10:45:54.855681,7741.307514569938
2023-02-28 10:45:54.855681,10315.592188555855
2023-03-01 10:45:54.855681,10315.592188555855
2023-03-02 10:45:54.855681,10315.592188555855
2023-03-03 10:45:54.855681,10315.592188555855
2023-03-04 10:45:54.855681,10315.592188555855
2023-03-05 10:45:54.855681,10315.592188555855
2023-03-06 10:45:54.855681,10315.592188555855
2023-03-07 10:45:54.855681,10315.592188555855
2023-03-08 10:45:54.855681,10315.592188555855
2023-03-09 10:45:54.855681,10315.592188555855
2023-03-10 10:45:54.855681,10315.592188555855
2023-03-11 10:45:54.855681,10315.592188555855
2023-03-12 10:45:54.855681,10315.592188555855
2023-03-13 10:45:54.855681,10315.592188555855
2023-03-14 10:45:54.855681,10315.592188555855
2023-03-15 10:45:54.855681,10315.592188555855
2023-03-16 10:45:54.855681,10315.592188555855
2023-03-17 10:45:54.855681,10315.592188555855
2023-03-18 10:45:54.855681,10315.592188555855
2023-03-19 10:45:54.855681,10315.592188555855
2023-03-20 10:45:54.855681,10315.592188555855
2023-03-21 10:45:54.855681,10315.592188555855
2023-03-22 10:45:54.855681,10315.592188555855
2023-03-23 10:45:54.855681,10315.592188555855
2023-03-24 10:45:54.855681,10315.592188555855
2023-03-25 10:45:54.855681,10315.592188555855
2023-03-26 10:45:54.855681,10315.592188555855
2023-03-27 10:45:54.855681,10315.592188555855
2023-03-28 10:45:54.855681,10315.592188555855
2023-03-29 10:45:54.855681,10315.592188555855
2023-03-30 10:45:54.855681,10315.592188555855
2023-03-31 10:45:54.855681,10315.592188555855
2023-04-01 10:45:54.855681,10315.592188555855
2023-04-02 10:45:54.855681,10315.592188555855
2023-04-03 10:45:54.855681,10315.592188555855
2023-04-04 10:45:54.855681,10315.592188555855
2023-04-05 10:45:54.855681,10315.592188555855
2023-04-06 10:45:54.855681,10315.592188555855
2023-04-07 10:45:54.855681,10315.592188555855
2023-04-08 10:45:54.855681,10315.592188555855
2023-04-09 10:45:54.855681,10315.592188555855
2023-04-10 10:45:54.855681,10315.592188555855
2023-04-11 10:45:54.855681,10315.592188555855
2023-04-12 10:45:54.855681,10315.592188555855
2023-04-13 10:45:54.855681,10315.592188555855
2023-04-14 10:45:54.855681,10315.592188555855
2023-04-15 10:45:54.855681,10315.592188555855
2023-04-16 10:45:54.855681,10315.592188555855
2023-04-17 10:45:54.855681,10315.592188555855
2023-04-18 10:45:54.855681,10315.592188555855
2023-04-19 10:45:54.855681,10315.592188555855
2023-04-20 10:45:54.855681,10315.592188555855
2023-04-21 10:45:54.855681,10315.592188555855
2023-04-22 10:45:54.855681,10315.592188555855
2023-04-23 10:45:54.855681,10315.592188555855
2023-04-24 10:45:54.855681,10315.592188555855
2023-04-25 10:45:54.855681,10315.592188555855
2023-04-26 10:45:54.855681,10315.592188555855
2023-04-27 10:45:54.855681,10315.592188555855
2023-04-28 10:45:54.855681,10315.592188555855
2023-04-29 10:45:54.855681,10315.592188555855
2023-04-30 10:45:54.855681,10315.592188555855
2023-05-01 10:45:54.855681,10315.592188555855
2023-05-02 10:45:54.855681,10315.592188555855
2023-05-03 10:45:54.855681,10315.592188555855
2023-05-04 10:45:54.855681,10315.592188555855
2023-05-05 10:45:54.855681,10315.592188555855
2023-05-06 10:45:54.855681,10315.592188555855
2023-05-07 10:45:54.855681,10315.592188555855
2023-05-08 10:45:54.855681,10315.592188555855
2023-05-09 10:45:54.855681,10315.592188555855
2023-05-10 10:45:54.855681,10315.592188555855
2023-05-11 10:45:54.855681,10315.592188555855
2023-05-12 10:45:54.855681,10315.592188555855
2023-05-13 10:45:54.855681,10315.592188555855
2023-05-14 10:45:54.855681,10315.592188555855
2023-05-15 10:45:54.855681,8285.842101478172
2023-05-16 10:45:54.855681,8299.274342888677
2023-05-17 10:45:54.855681,8288.300532433172
2023-05-18 10:45:54.855681,8292.090738836636
2023-05-19 10:45:54.855681,8300.613521300931
2023-05-20 10:45:54.855681,8317.215912914779
2023-05-21 10:45:54.855681,8286.644130872613
2023-05-22 10:45:54.855681,8308.005889925284
2023-05-23 10:45:54.855681,8277.367333900907
2023-05-24 10:45:54.855681,10335.294772795323
2023-05-25 10:45:54.855681,10335.294772795323
2023-05-26 10:45:54.855681,10335.294772795323
2023-05-27 10:45:54.855681,10335.294772795323
2023-05-28 10:45:54.855681,7745.386849017854
2023-05-29 10:45:54.855681,7760.80264082022
2023-05-30 10:45:54.855681,7818.962834392297
2023-05-31 10:45:54.855681,7846.721769052169
2023-06-01 10:45:54.855681,7864.988414572118
2023-06-02 10:45:54.855681,7802.124166670654
2023-06-03 10:45:54.855681,7765.834202449328
2023-06-04 10:45:54.855681,10343.181965267919
2023-06-05 10:45:54.855681,10343.181965267919
2023-06-06 10:45:54.855681,10343.181965267919
2023-06-07 10:45:54.855681,10343.181965267919
2023-06-08 10:45:54.855681,10343.181965267919
2023-06-09 10:45:54.855681,7751.569129713339
2023-06-10 10:45:54.855681,7758.676772521953
2023-06-11 10:45:54.855681,7722.759959308093
2023-06-12 10:45:54.855681,7675.8594069514465
2023-06-13 10:45:54.855681,10255.317829675185
2023-06-14 10:45:54.855681,10255.317829675185
2023-06-15 10:45:54.855681,10255.317829675185
2023-06-16 10:45:54.855681,10255.317829675185
2023-06-17 10:45:54.855681,10255.317829675185
2023-06-18 10:45:54.855681,10255.317829675185
2023-06-19 10:45:54.855681,10255.317829675185
2023-06-20 10:45:54.855681,10255.317829675185
2023-06-21 10:45:54.855681,10255.317829675185
2023-06-22 10:45:54.855681,10255.317829675185
2023-06-23 10:45:54.855681,10255.317829675185
2023-06-24 10:45:54.855681,10255.317829675185
2023-06-25 10:45:54.855681,10255.317829675185
2023-06-26 10:45:54.855681,10255.317829675185
2023-06-27 10:45:54.855681,10255.317829675185
2023-06-28 10:45:54.855681,10255.317829675185
2023-06-29 10:45:54.855681,10255.317829675185
2023-06-30 10:45:54.855681,10255.317829675185
2023-07-01 10:45:54.855681,10255.317829675185
2023-07-02 10:45:54.855681,10255.317829675185
2023-07-03 10:45:54.855681,10255.317829675185
2023-07-04 10:45:54.855681,10255.317829675185
2023-07-05 10:45:54.855681,10255.317829675185
2023-07-06 10:45:54.855681,10255.317829675185
2023-07-07 10:45:54.855681,10255.317829675185
2023-07-08 10:45:54.855681,10255.317829675185
2023-07-09 10:45:54.855681,10255.317829675185
2023-07-10 10:45:54.855681,10255.317829675185
2023-07-11 10:45:54.855681,10255.317829675185
2023-07-12 10:45:54.855681,10255.317829675185
2023-07-13 10:45:54.855681,10255.317829675185
2023-07-14 10:45:54.855681,10255.317829675185
2023-07-15 10:45:54.855681,10255.317829675185
2023-07-16 10:45:54.855681,10255.317829675185
2023-07-17 10:45:54.855681,10255.317829675185
2023-07-18 10:45:54.855681,10255.317829675185
2023-07-19 10:45:54.855681,10255.317829675185
2023-07-20 10:45:54.855681,10255.317829675185
2023-07-21 10:45:54.855681,10255.317829675185
2023-07-22 10:45:54.855681,10255.317829675185
2023-07-23 10:45:54.855681,10255.317829675185
2023-07-24 10:45:54.855681,10255.317829675185
2023-07-25 10:45:54.855681,10255.317829675185
2023-07-26 10:45:54.855681,10255.317829675185
2023-07-27 10:45:54.855681,10255.317829675185
2023-07-28 10:45:54.855681,10255.317829675185
2023-07-29 10:45:54.855681,10255.317829675185
2023-07-30 10:45:54.855681,10255.317829675185
2023-07-31 10:45:54.855681,10255.317829675185
2023-08-01 10:45:54.855681,10255.317829675185
2023-08-02 10:45:54.855681,10255.317829675185
2023-08-03 10:45:54.855681,10255.317829675185
2023-08-04 10:45:54.855681,10255.317829675185
2023-08-05 10:45:54.855681,10255.317829675185
2023-08-06 10:45:54.855681,10255.317829675185
2023-08-07 10:45:54.855681,10255.317829675185
2023-08-08 10:45:54.855681,7709.7316030968095
2023-08-09 10:45:54.855681,7702.65692599286
2023-08-10 10:45:54.855681,7720.135352400255
2023-08-11 10:45:54.855681,7742.6734017911
2023-08-12 10:45:54.855681,7696.72091380281
2023-08-13 10:45:54.855681,7740.557111771696
2023-08-14 10:45:54.855681,7733.974835642368
2023-08-15 10:45:54.855681,7725.88463993614
2023-08-16 10:45:54.855681,7756.946683113966
2023-08-17 10:45:54.855681,7790.167433437897
2023-08-18 10:45:54.855681,7767.236455335946
2023-08-19 10:45:54.855681,7800.008322246843
2023-08-20 10:45:54.855681,7782.458763602757
2023-08-21 10:45:54.855681,7855.363213770757
2023-08-22 10:45:54.855681,7828.769556789441
2023-08-23 10:45:54.855681,7839.834690477654
2023-08-24 10:45:54.855681,7812.129187673092
2023-08-25 10:45:54.855681,7901.250721507486
2023-08-26 10:45:54.855681,7858.343030495528
2023-08-27 10:45:54.855681,7880.20549237958
2023-08-28 10:45:54.855681,7854.473751967702
2023-08-29 10:45:54.855681,7841.86753365758
2023-08-30 10:45:54.855681,10399.067050257308
2023-08-31 10:45:54.855681,10399.067050257308
2023-09-01 10:45:54.855681,10399.067050257308
2023-09-02 10:45:54.855681,7745.4709296000265
2023-09-03 10:45:54.855681,7755.635259519866
2023-09-04 10:45:54.855681,7813.622738863976
2023-09-05 10:45:54.855681,7754.663417006029
2023-09-06 10:45:54.855681,7766.31587252651
2023-09-07 10:45:54.855681,7769.482292863927
2023-09-08 10:45:54.855681,7787.982450645097
2023-09-09 10:45:54.855681,7762.2446277887475
2023-09-10 10:45:54.855681,10355.572736642333
2023-09-11 10:45:54.855681,10355.572736642333
2023-09-12 10:45:54.855681,10355.572736642333
2023-09-13 10:45:54.855681,10355.572736642333
2023-09-14 10:45:54.855681,10355.572736642333
2023-09-15 10:45:54.855681,10355.572736642333
2023-09-16 10:45:54.855681,10355.572736642333
2023-09-17 10:45:54.855681,10355.572736642333
2023-09-18 10:45:54.855681,10355.572736642333
2023-09-19 10:45:54.855681,10355.572736642333
2023-09-20 10:45:54.855681,10355.572736642333
2023-09-21 10:45:54.855681,10355.572736642333
2023-09-22 10:45:54.855681,10355.572736642333
2023-09-23 10:45:54.855681,10355.572736642333
2023-09-24 10:45:54.855681,10355.572736642333
2023-09-25 10:45:54.855681,10355.572736642333
2023-09-26 10:45:54.855681,10355.572736642333
2023-09-27 10:45:54.855681,10355.572736642333
2023-09-28 10:45:54.855681,10355.572736642333
2023-09-29 10:45:54.855681,10355.572736642333
2023-09-30 10:45:54.855681,10355.572736642333
2023-10-01 10:45:54.855681,10355.572736642333
2023-10-02 10:45:54.855681,10355.572736642333
2023-10-03 10:45:54.855681,10355.572736642333
2023-10-04 10:45:54.855681,10355.572736642333
2023-10-05 10:45:54.855681,10355.572736642333
2023-10-06 10:45:54.855681,7775.007995475498
2023-10-07 10:45:54.855681,7752.216122422403
2023-10-08 10:45:54.855681,7716.29248090003
2023-10-09 10:45:54.855681,7740.622876754721
2023-10-10 10:45:54.855681,7710.069904633836
2023-10-11 10:45:54.855681,7714.250056699381
2023-10-12 10:45:54.855681,10296.75480242041
2023-10-13 10:45:54.855681,10296.75480242041
2023-10-14 10:45:54.855681,10296.75480242041
2023-10-15 10:45:54.855681,10296.75480242041
2023-10-16 10:45:54.855681,10296.75480242041
2023-10-17 10:45:54.855681,10296.75480242041
2023-10-18 10:45:54.855681,10296.75480242041
2023-10-19 10:45:54.855681,10296.75480242041
2023-10-20 10:45:54.855681,10296.75480242041
2023-10-21 10:45:54.855681,10296.75480242041
2023-10-22 10:45:54.855681,10296.75480242041
2023-10-23 10:45:54.855681,10296.75480242041
2023-10-24 10:45:54.855681,10296.75480242041
2023-10-25 10:45:54.855681,10296.75480242041
2023-10-26 10:45:54.855681,10296.75480242041
2023-10-27 10:45:54.855681,10296.75480242041
2023-10-28 10:45:54.855681,10296.75480242041
2023-10-29 10:45:54.855681,10296.75480242041
2023-10-30 10:45:54.855681,10296.75480242041
2023-10-31 10:45:54.855681,10296.75480242041
2023-11-01 10:45:54.855681,10296.75480242041
2023-11-02 10:45:54.855681,10296.75480242041
2023-11-03 10:45:54.855681,10296.75480242041
2023-11-04 10:45:54.855681,10296.75480242041
2023-11-05 10:45:54.855681,10296.75480242041
2023-11-06 10:45:54.855681,10296.75480242041
2023-11-07 10:45:54.855681,10296.75480242041
2023-11-08 10:45:54.855681,10296.75480242041
2023-11-09 10:45:54.855681,10296.75480242041
2023-11-10 10:45:54.855681,10296.75480242041
2023-11-11 10:45:54.855681,10296.75480242041
2023-11-12 10:45:54.855681,10296.75480242041
2023-11-13 10:45:54.855681,10296.75480242041
2023-11-14 10:45:54.855681,10296.75480242041
2023-11-15 10:45:54.855681,10296.75480242041
2023-11-16 10:45:54.855681,10296.75480242041
2023-11-17 10:45:54.855681,10296.75480242041
2023-11-18 10:45:54.855681,10296.75480242041
2023-11-19 10:45:54.855681,10296.75480242041
2023-11-20 10:45:54.855681,10296.75480242041
2023-11-21 10:45:54.855681,10296.75480242041
2023-11-22 10:45:54.855681,10296.75480242041
2023-11-23 10:45:54.855681,10296.75480242041
2023-11-24 10:45:54.855681,10296.75480242041
2023-11-25 10:45:54.855681,10296.75480242041
2023-11-26 10:45:54.855681,10296.75480242041
2023-11-27 10:45:54.855681,10296.75480242041
2023-11-28 10:45:54.855681,8233.223636212995
2023-11-29 10:45:54.855681,8215.57674681861
2023-11-30 10:45:54.855681,8232.66027450231
2023-12-01 10:45:54.855681,8159.421247793946
2023-12-02 10:45:54.855681,10213.74488344898
2023-12-03 10:45:54.855681,10213.74488344898
2023-12-04 10:45:54.855681,10213.74488344898
2023-12-05 10:45:54.855681,10213.74488344898
2023-12-06 10:45:54.855681,10213.74488344898
2023-12-07 10:45:54.855681,10213.74488344898
2023-12-08 10:45:54.855681,10213.74488344898
2023-12-09 10:45:54.855681,10213.74488344898
2023-12-10 10:45:54.855681,10213.74488344898
2023-12-11 10:45:54.855681,10213.74488344898
2023-12-12 10:45:54.855681,10213.74488344898
2023-12-13 10:45:54.855681,10213.74488344898
2023-12-14 10:45:54.855681,10213.74488344898
2023-12-15 10:45:54.855681,10213.74488344898
2023-12-16 10:45:54.855681,10213.74488344898
2023-12-17 10:45:54.855681,10213.74488344898
2023-12-18 10:45:54.855681,10213.74488344898
2023-12-19 10:45:54.855681,10213.74488344898
2023-12-20 10:45:54.855681,10213.74488344898
2023-12-21 10:45:54.855681,10213.74488344898
2023-12-22 10:45:54.855681,10213.74488344898
2023-12-23 10:45:54.855681,10213.74488344898
2023-12-24 10:45:54.855681,10213.74488344898
2023-12-25 10:45:54.855681,10213.74488344898
2023-12-26 10:45:54.855681,10213.74488344898
2023-12-27 10:45:54.855681,10213.74488344898
2023-12-28 10:45:54.855681,10213.74488344898
2023-12-29 10:45:54.855681,10213.74488344898
2023-12-30 10:45:54.855681,10213.74488344898
2023-12-31 10:45:54.855681,10213.74488344898
2024-01-01 10:45:54.855681,10213.74488344898
2024-01-02 10:45:54.855681,10213.74488344898
2024-01-03 10:45:54.855681,10213.74488344898
2024-01-04 10:45:54.855681,10213.74488344898
2024-01-05 10:45:54.855681,10213.74488344898
2024-01-06 10:45:54.855681,10213.74488344898
2024-01-07 10:45:54.855681,10213.74488344898
2024-01-08 10:45:54.855681,10213.74488344898
2024-01-09 10:45:54.855681,10213.74488344898
2024-01-10 10:45:54.855681,10213.74488344898
2024-01-11 10:45:54.855681,10213.74488344898
2024-01-12 10:45:54.855681,10213.74488344898
2024-01-13 10:45:54.855681,10213.74488344898
2024-01-14 10:45:54.855681,10213.74488344898
2024-01-15 10:45:54.855681,10213.74488344898
2024-01-16 10:45:54.855681,10213.74488344898
2024-01-17 10:45:54.855681,10213.74488344898
2024-01-18 10:45:54.855681,10213.74488344898
2024-01-19 10:45:54.855681,10213.74488344898
2024-01-20 10:45:54.855681,10213.74488344898
2024-01-21 10:45:54.855681,10213.74488344898
2024-01-22 10:45:54.855681,10213.74488344898
2024-01-23 10:45:54.855681,10213.74488344898
2024-01-24 10:45:54.855681,10213.74488344898
2024-01-25 10:45:54.855681,10213.74488344898
2024-01-26 10:45:54.855681,10213.74488344898
2024-01-27 10:45:54.855681,10213.74488344898
2024-01-28 10:45:54.855681,10213.74488344898
2024-01-29 10:45:54.855681,10213.74488344898
2024-01-30 10:45:54.855681,10213.74488344898
2024-01-31 10:45:54.855681,10213.74488344898
2024-02-01 10:45:54.855681,10213.74488344898
2024-02-02 10:45:54.855681,10213.74488344898
2024-02-03 10:45:54.855681,10213.74488344898
2024-02-04 10:45:54.855681,10213.74488344898
2024-02-05 10:45:54.855681,10213.74488344898
2024-02-06 10:45:54.855681,10213.74488344898
2024-02-07 10:45:54.855681,10213.74488344898
2024-02-08 10:45:54.855681,10213.74488344898
2024-02-09 10:45:54.855681,10213.74488344898
2024-02-10 10:45:54.855681,10213.74488344898
2024-02-11 10:45:54.855681,10213.74488344898
2024-02-12 10:45:54.855681,10213.74488344898
2024-02-13 10:45:54.855681,10213.74488344898
2024-02-14 10:45:54.855681,10213.74488344898
2024-02-15 10:45:54.855681,10213.74488344898
2024-02-16 10:45:54.855681,10213.74488344898
2024-02-17 10:45:54.855681,10213.74488344898
2024-02-18 10:45:54.855681,10213.74488344898
2024-02-19 10:45:54.855681,10213.74488344898
2024-02-20 10:45:54.855681,10213.74488344898
2024-02-21 10:45:54.855681,10213.74488344898
2024-02-22 10:45:54.855681,10213.74488344898
2024-02-23 10:45:54.855681,10213.74488344898
2024-02-24 10:45:54.855681,10213.74488344898
2024-02-25 10:45:54.855681,10213.74488344898
2024-02-26 10:45:54.855681,10213.74488344898
2024-02-27 10:45:54.855681,10213.74488344898
2024-02-28 10:45:54.855681,10213.74488344898
2024-02-29 10:45:54.855681,10213.74488344898
2024-03-01 10:45:54.855681,10213.74488344898
2024-03-02 10:45:54.855681,10213.74488344898
2024-03-03 10:45:54.855681,10213.74488344898
2024-03-04 10:45:54.855681,10213.74488344898
2024-03-05 10:45:54.855681,10213.74488344898
2024-03-06 10:45:54.855681,10213.74488344898
2024-03-07 10:45:54.855681,10213.74488344898
2024-03-08 10:45:54.855681,10213.74488344898
2024-03-09 10:45:54.855681,10213.74488344898
2024-03-10 10:45:54.855681,10213.74488344898
2024-03-11 10:45:54.855681,10213.74488344898
2024-03-12 10:45:54.855681,10213.74488344898
2024-03-13 10:45:54.855681,10213.74488344898
2024-03-14 10:45:54.855681,10213.74488344898
2024-03-15 10:45:54.855681,8724.628616281772
2024-03-16 10:45:54.855681,8741.084591417437
2024-03-17 10:45:54.855681,8753.452969473024
2024-03-18 10:45:54.855681,8738.420925610817
2024-03-19 10:45:54.855681,8744.828902621392
2024-03-20 10:45:54.855681,8756.029547064187
2024-03-21 10:45:54.855681,8753.068112473373
2024-03-22 10:45:54.855681,8742.185714508496
2024-03-23 10:45:54.855681,8718.152931825896
2024-03-24 10:45:54.855681,10246.332886932934
2024-03-25 10:45:54.855681,10246.332886932934
2024-03-26 10:45:54.855681,10246.332886932934
2024-03-27 10:45:54.855681,10246.332886932934
2024-03-28 10:45:54.855681,10246.332886932934
2024-03-29 10:45:54.855681,10246.332886932934
2024-03-30 10:45:54.855681,10246.332886932934
2024-03-31 10:45:54.855681,10246.332886932934
2024-04-01 10:45:54.855681,10246.332886932934
2024-04-02 10:45:54.855681,10246.332886932934
2024-04-03 10:45:54.855681,10246.332886932934
2024-04-04 10:45:54.855681,10246.332886932934
2024-04-05 10:45:54.855681,10246.332886932934
2024-04-06 10:45:54.855681,10246.332886932934
2024-04-07 10:45:54.855681,10246.332886932934
2024-04-08 10:45:54.855681,10246.332886932934
2024-04-09 10:45:54.855681,10246.332886932934
2024-04-10 10:45:54.855681,10246.332886932934
2024-04-11 10:45:54.855681,10246.332886932934
2024-04-12 10:45:54.855681,10246.332886932934
2024-04-13 10:45:54.855681,10246.332886932934
2024-04-14 10:45:54.855681,10246.332886932934
2024-04-15 10:45:54.855681,10246.332886932934
2024-04-16 10:45:54.855681,10246.332886932934
2024-04-17 10:45:54.855681,10246.332886932934
2024-04-18 10:45:54.855681,10246.332886932934
2024-04-19 10:45:54.855681,10246.332886932934
2024-04-20 10:45:54.855681,10246.332886932934
2024-04-21 10:45:54.855681,10246.332886932934
2024-04-22 10:45:54.855681,10246.332886932934
2024-04-23 10:45:54.855681,10246.332886932934
2024-04-24 10:45:54.855681,7719.996998626653
2024-04-25 10:45:54.855681,7664.609981930538
2024-04-26 10:45:54.855681,7664.938702874406
2024-04-27 10:45:54.855681,7719.710614806741
2024-04-28 10:45:54.855681,7742.174040953824
2024-04-29 10:45:54.855681,7754.1277507182795
2024-04-30 10:45:54.855681,7783.260835993524
2024-05-01 10:45:54.855681,7765.984560425962
2024-05-02 10:45:54.855681,7780.727944491462
2024-05-03 10:45:54.855681,7774.378430948607
2024-05-04 10:45:54.855681,7774.18168092796
2024-05-05 10:45:54.855681,7800.697500137837
2024-05-06 10:45:54.855681,7773.616407815088
2024-05-07 10:45:54.855681,7813.136102684643
2024-05-08 10:45:54.855681,7802.490269465495
2024-05-09 10:45:54.855681,7810.893656134596
2024-05-10 10:45:54.855681,7767.807806547878
2024-05-11 10:45:54.855681,10322.867646429479
2024-05-12 10:45:54.855681,10322.867646429479
2024-05-13 10:45:54.855681,10322.867646429479
2024-05-14 10:45:54.855681,10322.867646429479
2024-05-15 10:45:54.855681,10322.867646429479
2024-05-16 10:45:54.855681,10322.867646429479
2024-05-17 10:45:54.855681,10322.867646429479
2024-05-18 10:45:54.855681,10322.867646429479
2024-05-19 10:45:54.855681,10322.867646429479
2024-05-20 10:45:54.855681,10322.867646429479
2024-05-21 10:45:54.855681,10322.867646429479
2024-05-22 10:45:54.855681,10322.867646429479
2024-05-23 10:45:54.855681,10322.867646429479
2024-05-24 10:45:54.855681,10322.867646429479
2024-05-25 10:45:54.855681,10322.867646429479
2024-05-26 10:45:54.855681,10322.867646429479
2024-05-27 10:45:54.855681,10322.867646429479
2024-05-28 10:45:54.855681,10322.867646429479
2024-05-29 10:45:54.855681,10322.867646429479
2024-05-30 10:45:54.855681,10322.867646429479
2024-05-31 10:45:54.855681,10322.867646429479
2024-06-01 10:45:54.855681,10322.867646429479
2024-06-02 10:45:54.855681,10322.867646429479
2024-06-03 10:45:54.855681,10322.867646429479
2024-06-04 10:45:54.855681,10322.867646429479
2024-06-05 10:45:54.855681,10322.867646429479
2024-06-06 10:45:54.855681,10322.867646429479
2024-06-07 10:45:54.855681,10322.867646429479
2024-06-08 10:45:54.855681,7793.832933746827
2024-06-09 10:45:54.855681,7826.730607515693
2024-06-10 10:45:54.855681,7809.535242310229
2024-06-11 10:45:54.855681,7835.194863435482
2024-06-12 10:45:54.855681,7837.084108550492
2024-06-13 10:45:54.855681,7879.260529872463
2024-06-14 10:45:54.855681,7917.8637130978905
2024-06-15 10:45:54.855681,7899.732806007797
2024-06-16 10:45:54.855681,7930.251985933805
2024-06-17 10:45:54.855681,7954.84327052841
2024-06-18 10:45:54.855681,7865.97626770615
2024-06-19 10:45:54.855681,10440.060870791407
2024-06-20 10:45:54.855681,10440.060870791407
2024-06-21 10:45:54.855681,10440.060870791407
2024-06-22 10:45:54.855681,10440.060870791407
2024-06-23 10:45:54.855681,10440.060870791407
2024-06-24 10:45:54.855681,10440.060870791407
2024-06-25 10:45:54.855681,10440.060870791407
2024-06-26 10:45:54.855681,10440.060870791407
2024-06-27 10:45:54.855681,10440.060870791407
2024-06-28 10:45:54.855681,10440.060870791407
2024-06-29 10:45:54.855681,10440.060870791407
2024-06-30 10:45:54.855681,10440.060870791407
2024-07-01 10:45:54.855681,10440.060870791407
2024-07-02 10:45:54.855681,10440.060870791407
2024-07-03 10:45:54.855681,10440.060870791407
2024-07-04 10:45:54.855681,10440.060870791407
2024-07-05 10:45:54.855681,10440.060870791407
2024-07-06 10:45:54.855681,10440.060870791407
2024-07-07 10:45:54.855681,10440.060870791407
2024-07-08 10:45:54.855681,10440.060870791407
2024-07-09 10:45:54.855681,10440.060870791407
2024-07-10 10:45:54.855681,10440.060870791407
2024-07-11 10:45:54.855681,10440.060870791407
2024-07-12 10:45:54.855681,10440.060870791407
2024-07-13 10:45:54.855681,10440.060870791407
2024-07-14 10:45:54.855681,10440.060870791407
2024-07-15 10:45:54.855681,10440.060870791407
2024-07-16 10:45:54.855681,10440.060870791407
2024-07-17 10:45:54.855681,10440.060870791407
2024-07-18 10:45:54.855681,10440.060870791407
2024-07-19 10:45:54.855681,10440.060870791407
2024-07-20 10:45:54.855681,10440.060870791407
2024-07-21 10:45:54.855681,10440.060870791407
2024-07-22 10:45:54.855681,10440.060870791407
2024-07-23 10:45:54.855681,10440.060870791407
2024-07-24 10:45:54.855681,10440.060870791407
2024-07-25 10:45:54.855681,10440.060870791407
2024-07-26 10:45:54.855681,10440.060870791407
2024-07-27 10:45:54.855681,10440.060870791407
2024-07-28 10:45:54.855681,10440.060870791407
2024-07-29 10:45:54.855681,10440.060870791407
2024-07-30 10:45:54.855681,10440.060870791407
2024-07-31 10:45:54.855681,10440.060870791407
2024-08-01 10:45:54.855681,10440.060870791407
2024-08-02 10:45:54.855681,10440.060870791407
2024-08-03 10:45:54.855681,10440.060870791407
2024-08-04 10:45:54.855681,10440.060870791407
2024-08-05 10:45:54.855681,10440.060870791407
2024-08-06 10:45:54.855681,10440.060870791407
2024-08-07 10:45:54.855681,10440.060870791407
2024-08-08 10:45:54.855681,10440.060870791407
2024-08-09 10:45:54.855681,10440.060870791407
2024-08-10 10:45:54.855681,10440.060870791407
2024-08-11 10:45:54.855681,10440.060870791407
2024-08-12 10:45:54.855681,10440.060870791407
2024-08-13 10:45:54.855681,10440.060870791407
2024-08-14 10:45:54.855681,10440.060870791407
2024-08-15 10:45:54.855681,10440.060870791407
2024-08-16 10:45:54.855681,10440.060870791407
2024-08-17 10:45:54.855681,10440.060870791407
2024-08-18 10:45:54.855681,10440.060870791407
2024-08-19 10:45:54.855681,10440.060870791407
2024-08-20 10:45:54.855681,10440.060870791407
2024-08-21 10:45:54.855681,10440.060870791407
2024-08-22 10:45:54.855681,10440.060870791407
2024-08-23 10:45:54.855681,10440.060870791407
2024-08-24 10:45:54.855681,10440.060870791407
2024-08-25 10:45:54.855681,10440.060870791407
2024-08-26 10:45:54.855681,10440.060870791407
2024-08-27 10:45:54.855681,10440.060870791407
2024-08-28 10:45:54.855681,10440.060870791407
2024-08-29 10:45:54.855681,10440.060870791407
2024-08-30 10:45:54.855681,10440.060870791407
2024-08-31 10:45:54.855681,10440.060870791407
2024-09-01 10:45:54.855681,10440.060870791407
2024-09-02 10:45:54.855681,10440.060870791407
2024-09-03 10:45:54.855681,10440.060870791407
2024-09-04 10:45:54.855681,10440.060870791407
2024-09-05 10:45:54.855681,10440.060870791407
2024-09-06 10:45:54.855681,10440.060870791407
2024-09-07 10:45:54.855681,10440.060870791407
2024-09-08 10:45:54.855681,10440.060870791407
2024-09-09 10:45:54.855681,10440.060870791407
2024-09-10 10:45:54.855681,10440.060870791407
2024-09-11 10:45:54.855681,10440.060870791407
2024-09-12 10:45:54.855681,10440.060870791407
2024-09-13 10:45:54.855681,10440.060870791407
2024-09-14 10:45:54.855681,10440.060870791407
2024-09-15 10:45:54.855681,10440.060870791407
2024-09-16 10:45:54.855681,10440.060870791407
2024-09-17 10:45:54.855681,10440.060870791407
2024-09-18 10:45:54.855681,10440.060870791407
2024-09-19 10:45:54.855681,10440.060870791407
2024-09-20 10:45:54.855681,10440.060870791407
2024-09-21 10:45:54.855681,10440.060870791407
2024-09-22 10:45:54.855681,10440.060870791407
2024-09-23 10:45:54.855681,10440.060870791407
2024-09-24 10:45:54.855681,10440.060870791407
2024-09-25 10:45:54.855681,10440.060870791407
2024-09-26 10:45:54.855681,10440.060870791407
2024-09-27 10:45:54.855681,10440.060870791407
2024-09-28 10:45:54.855681,10440.060870791407
2024-09-29 10:45:54.855681,10440.060870791407
2024-09-30 10:45:54.855681,10440.060870791407
2024-10-01 10:45:54.855681,10440.060870791407
2024-10-02 10:45:54.855681,10440.060870791407
2024-10-03 10:45:54.855681,10440.060870791407
2024-10-04 10:45:54.855681,10440.060870791407
2024-10-05 10:45:54.855681,10440.060870791407
2024-10-06 10:45:54.855681,10440.060870791407
2024-10-07 10:45:54.855681,10440.060870791407
2024-10-08 10:45:54.855681,10440.060870791407
2024-10-09 10:45:54.855681,10440.060870791407
2024-10-10 10:45:54.855681,10440.060870791407
2024-10-11 10:45:54.855681,10440.060870791407
2024-10-12 10:45:54.855681,10440.060870791407
2024-10-13 10:45:54.855681,10440.060870791407
2024-10-14 10:45:54.855681,10440.060870791407
2024-10-15 10:45:54.855681,10440.060870791407
2024-10-16 10:45:54.855681,10440.060870791407
2024-10-17 10:45:54.855681,10440.060870791407
2024-10-18 10:45:54.855681,10440.060870791407
2024-10-19 10:45:54.855681,10440.060870791407
2024-10-20 10:45:54.855681,10440.060870791407
2024-10-21 10:45:54.855681,10440.060870791407
2024-10-22 10:45:54.855681,10440.060870791407
2024-10-23 10:45:54.855681,10440.060870791407
2024-10-24 10:45:54.855681,10440.060870791407
2024-10-25 10:45:54.855681,10440.060870791407
2024-10-26 10:45:54.855681,10440.060870791407
2024-10-27 10:45:54.855681,10440.060870791407
2024-10-28 10:45:54.855681,10440.060870791407
2024-10-29 10:45:54.855681,10440.060870791407
2024-10-30 10:45:54.855681,10440.060870791407
2024-10-31 10:45:54.855681,10440.060870791407
2024-11-01 10:45:54.855681,10440.060870791407
2024-11-02 10:45:54.855681,10440.060870791407
2024-11-03 10:45:54.855681,10440.060870791407
2024-11-04 10:45:54.855681,10440.060870791407
2024-11-05 10:45:54.855681,10440.060870791407
2024-11-06 10:45:54.855681,10440.060870791407
2024-11-07 10:45:54.855681,10440.060870791407
2024-11-08 10:45:54.855681,10440.060870791407
2024-11-09 10:45:54.855681,10440.060870791407
2024-11-10 10:45:54.855681,10440.060870791407
2024-11-11 10:45:54.855681,10440.060870791407
2024-11-12 10:45:54.855681,10440.060870791407
2024-11-13 10:45:54.855681,10440.060870791407
2024-11-14 10:45:54.855681,10440.060870791407
2024-11-15 10:45:54.855681,10440.060870791407
2024-11-16 10:45:54.855681,10440.060870791407
2024-11-17 10:45:54.855681,10440.060870791407
2024-11-18 10:45:54.855681,10440.060870791407
2024-11-19 10:45:54.855681,7795.170035526316
2024-11-20 10:45:54.855681,7786.358900368863
2024-11-21 10:45:54.855681,7787.450371901342
2024-11-22 10:45:54.855681,7779.9974669485455
2024-11-23 10:45:54.855681,7834.075086959779
2024-11-24 10:45:54.855681,7844.260718502991
2024-11-25 10:45:54.855681,7820.562526543639
2024-11-26 10:45:54.855681,7838.226502282895
2024-11-27 10:45:54.855681,7848.022717534809
2024-11-28 10:45:54.855681,7858.5025021234815
2024-11-29 10:45:54.855681,7915.712815280519
2024-11-30 10:45:54.855681,7930.438275711045
2024-12-01 10:45:54.855681,7922.258814822765
2024-12-02 10:45:54.855681,7860.531391814562
2024-12-03 10:45:54.855681,10463.981076828384
2024-12-04 10:45:54.855681,10463.981076828384
2024-12-05 10:45:54.855681,10463.981076828384
2024-12-06 10:45:54.855681,10463.981076828384
2024-12-07 10:45:54.855681,10463.981076828384
2024-12-08 10:45:54.855681,10463.981076828384
2024-12-09 10:45:54.855681,10463.981076828384
2024-12-10 10:45:54.855681,10463.981076828384
2024-12-11 10:45:54.855681,10463.981076828384
2024-12-12 10:45:54.855681,10463.981076828384
2024-12-13 10:45:54.855681,10463.981076828384
2024-12-14 10:45:54.855681,10463.981076828384
2024-12-15 10:45:54.855681,10463.981076828384
2024-12-16 10:45:54.855681,10463.981076828384
2024-12-17 10:45:54.855681,10463.981076828384
2024-12-18 10:45:54.855681,10463.981076828384
2024-12-19 10:45:54.855681,10463.981076828384
2024-12-20 10:45:54.855681,10463.981076828384
2024-12-21 10:45:54.855681,10463.981076828384
2024-12-22 10:45:54.855681,10463.981076828384
2024-12-23 10:45:54.855681,10463.981076828384
2024-12-24 10:45:54.855681,10463.981076828384
2024-12-25 10:45:54.855681,10463.981076828384
2024-12-26 10:45:54.855681,10463.981076828384
2024-12-27 10:45:54.855681,10463.981076828384
2024-12-28 10:45:54.855681,10463.981076828384
2024-12-29 10:45:54.855681,10463.981076828384
2024-12-30 10:45:54.855681,10463.981076828384
2024-12-31 10:45:54.855681,10463.981076828384
2025-01-01 10:45:54.855681,10463.981076828384
2025-01-02 10:45:54.855681,10463.981076828384
2025-01-03 10:45:54.855681,10463.981076828384
2025-01-04 10:45:54.855681,10463.981076828384
2025-01-05 10:45:54.855681,10463.981076828384
2025-01-06 10:45:54.855681,10463.981076828384
2025-01-07 10:45:54.855681,10463.981076828384
2025-01-08 10:45:54.855681,10463.981076828384
2025-01-09 10:45:54.855681,10463.981076828384
2025-01-10 10:45:54.855681,10463.981076828384
2025-01-11 10:45:54.855681,10463.981076828384
2025-01-12 10:45:54.855681,10463.981076828384
2025-01-13 10:45:54.855681,10463.981076828384
2025-01-14 10:45:54.855681,10463.981076828384
2025-01-15 10:45:54.855681,10463.981076828384
2025-01-16 10:45:54.855681,10463.981076828384
2025-01-17 10:45:54.855681,10463.981076828384
2025-01-18 10:45:54.855681,10463.981076828384
2025-01-19 10:45:54.855681,10463.981076828384
2025-01-20 10:45:54.855681,10463.981076828384
2025-01-21 10:45:54.855681,10463.981076828384
2025-01-22 10:45:54.855681,10463.981076828384
2025-01-23 10:45:54.855681,10463.981076828384
2025-01-24 10:45:54.855681,10463.981076828384
2025-01-25 10:45:54.855681,10463.981076828384
2025-01-26 10:45:54.855681,10463.981076828384
2025-01-27 10:45:54.855681,10463.981076828384
2025-01-28 10:45:54.855681,10463.981076828384
2025-01-29 10:45:54.855681,10463.981076828384
2025-01-30 10:45:54.855681,10463.981076828384
2025-01-31 10:45:54.855681,10463.981076828384
2025-02-01 10:45:54.855681,10463.981076828384
2025-02-02 10:45:54.855681,10463.981076828384
2025-02-03 10:45:54.855681,10463.981076828384
2025-02-04 10:45:54.855681,10463.981076828384
2025-02-05 10:45:54.855681,10463.981076828384
2025-02-06 10:45:54.855681,10463.981076828384
2025-02-07 10:45:54.855681,10463.981076828384
2025-02-08 10:45:54.855681,10463.981076828384
2025-02-09 10:45:54.855681,10463.981076828384
2025-02-10 10:45:54.855681,10463.981076828384
2025-02-11 10:45:54.855681,10463.981076828384
2025-02-12 10:45:54.855681,10463.981076828384
2025-02-13 10:45:54.855681,10463.981076828384
2025-02-14 10:45:54.855681,10463.981076828384
2025-02-15 10:45:54.855681,10463.981076828384
2025-02-16 10:45:54.855681,10463.981076828384
2025-02-17 10:45:54.855681,10463.981076828384
2025-02-18 10:45:54.855681,10463.981076828384
2025-02-19 10:45:54.855681,10463.981076828384
2025-02-20 10:45:54.855681,10463.981076828384
2025-02-21 10:45:54.855681,10463.981076828384
2025-02-22 10:45:54.855681,10463.981076828384
2025-02-23 10:45:54.855681,10463.981076828384
2025-02-24 10:45:54.855681,10463.981076828384
2025-02-25 10:45:54.855681,10463.981076828384
2025-02-26 10:45:54.855681,10463.981076828384
2025-02-27 10:45:54.855681,7795.936664670603
2025-02-28 10:45:54.855681,7773.490920295006
2025-03-01 10:45:54.855681,10346.969745791219
2025-03-02 10:45:54.855681,10346.969745791219
2025-03-03 10:45:54.855681,10346.969745791219
2025-03-04 10:45:54.855681,10346.969745791219
2025-03-05 10:45:54.855681,10346.969745791219
2025-03-06 10:45:54.855681,7729.050878380012
2025-03-07 10:45:54.855681,7764.973466943405
2025-03-08 10:45:54.855681,7820.735970245171
2025-03-09 10:45:54.855681,7792.778930910539
2025-03-10 10:45:54.855681,7816.277524495637
2025-03-11 10:45:54.855681,7788.269353042499
2025-03-12 10:45:54.855681,7788.632155548421
2025-03-13 10:45:54.855681,7781.560748963262
2025-03-14 10:45:54.855681,7708.367317430904
2025-03-15 10:45:54.855681,10288.725834036964
2025-03-16 10:45:54.855681,10288.725834036964
2025-03-17 10:45:54.855681,10288.725834036964
2025-03-18 10:45:54.855681,10288.725834036964
2025-03-19 10:45:54.855681,10288.725834036964
2025-03-20 10:45:54.855681,10288.725834036964
2025-03-21 10:45:54.855681,10288.725834036964
2025-03-22 10:45:54.855681,10288.725834036964
2025-03-23 10:45:54.855681,10288.725834036964
2025-03-24 10:45:54.855681,10288.725834036964
2025-03-25 10:45:54.855681,10288.725834036964
2025-03-26 10:45:54.855681,10288.725834036964
2025-03-27 10:45:54.855681,10288.725834036964
2025-03-28 10:45:54.855681,10288.725834036964
2025-03-29 10:45:54.855681,10288.725834036964
2025-03-30 10:45:54.855681,10288.725834036964
2025-03-31 10:45:54.855681,10288.725834036964
2025-04-01 10:45:54.855681,10288.725834036964
2025-04-02 10:45:54.855681,10288.725834036964
2025-04-03 10:45:54.855681,10288.725834036964
2025-04-04 10:45:54.855681,10288.725834036964
2025-04-05 10:45:54.855681,10288.725834036964
2025-04-06 10:45:54.855681,10288.725834036964
2025-04-07 10:45:54.855681,10288.725834036964
2025-04-08 10:45:54.855681,10288.725834036964
2025-04-09 10:45:54.855681,10288.725834036964
2025-04-10 10:45:54.855681,10288.725834036964
2025-04-11 10:45:54.855681,10288.725834036964
2025-04-12 10:45:54.855681,10288.725834036964
2025-04-13 10:45:54.855681,10288.725834036964
2025-04-14 10:45:54.855681,10288.725834036964
2025-04-15 10:45:54.855681,10288.725834036964
2025-04-16 10:45:54.855681,10288.725834036964
2025-04-17 10:45:54.855681,10288.725834036964
2025-04-18 10:45:54.855681,10288.725834036964
2025-04-19 10:45:54.855681,10288.725834036964
2025-04-20 10:45:54.855681,10288.725834036964
2025-04-21 10:45:54.855681,10288.725834036964
2025-04-22 10:45:54.855681,10288.725834036964
2025-04-23 10:45:54.855681,10288.725834036964
2025-04-24 10:45:54.855681,10288.725834036964
2025-04-25 10:45:54.855681,10288.725834036964
2025-04-26 10:45:54.855681,10288.725834036964
2025-04-27 10:45:54.855681,10288.725834036964
2025-04-28 10:45:54.855681,10288.725834036964
2025-04-29 10:45:54.855681,10288.725834036964
2025-04-30 10:45:54.855681,10288.725834036964
2025-05-01 10:45:54.855681,10288.725834036964
2025-05-02 10:45:54.855681,10288.725834036964
2025-05-03 10:45:54.855681,10288.725834036964
2025-05-04 10:45:54.855681,10288.725834036964
2025-05-05 10:45:54.855681,10288.725834036964
2025-05-06 10:45:54.855681,10288.725834036964
2025-05-07 10:45:54.855681,10288.725834036964
2025-05-08 10:45:54.855681,10288.725834036964
2025-05-09 10:45:54.855681,10288.725834036964
2025-05-10 10:45:54.855681,10288.725834036964
2025-05-11 10:45:54.855681,10288.725834036964
2025-05-12 10:45:54.855681,10288.725834036964
2025-05-13 10:45:54.855681,10288.725834036964
2025-05-14 10:45:54.855681,10288.725834036964
2025-05-15 10:45:54.855681,10288.725834036964
2025-05-16 10:45:54.855681,10288.725834036964
2025-05-17 10:45:54.855681,10288.725834036964
2025-05-18 10:45:54.855681,10288.725834036964
2025-05-19 10:45:54.855681,10288.725834036964
2025-05-20 10:45:54.855681,10288.725834036964
2025-05-21 10:45:54.855681,10288.725834036964
2025-05-22 10:45:54.855681,10288.725834036964
2025-05-23 10:45:54.855681,10288.725834036964
2025-05-24 10:45:54.855681,10288.725834036964
2025-05-25 10:45:54.855681,10288.725834036964
2025-05-26 10:45:54.855681,10288.725834036964
2025-05-27 10:45:54.855681,10288.725834036964
2025-05-28 10:45:54.855681,8276.019860951688
2025-05-29 10:45:54.855681,8260.482710695687
2025-05-30 10:45:54.855681,8237.103749024183
2025-05-31 10:45:54.855681,8209.89296738622
2025-06-01 10:45:54.855681,8202.687059822738
2025-06-02 10:45:54.855681,10255.33440443888
2025-06-03 10:45:54.855681,10255.33440443888
2025-06-04 10:45:54.855681,10255.33440443888
2025-06-05 10:45:54.855681,10255.33440443888
2025-06-06 10:45:54.855681,10255.33440443888
2025-06-07 10:45:54.855681,10255.33440443888
2025-06-08 10:45:54.855681,10255.33440443888
2025-06-09 10:45:54.855681,10255.33440443888
2025-06-10 10:45:54.855681,10255.33440443888
2025-06-11 10:45:54.855681,10255.33440443888
2025-06-12 10:45:54.855681,10255.33440443888
2025-06-13 10:45:54.855681,10255.33440443888
2025-06-14 10:45:54.855681,10255.33440443888
2025-06-15 10:45:54.855681,10255.33440443888
2025-06-16 10:45:54.855681,10255.33440443888
2025-06-17 10:45:54.855681,10255.33440443888
2025-06-18 10:45:54.855681,10255.33440443888
2025-06-19 10:45:54.855681,10255.33440443888
2025-06-20 10:45:54.855681,10255.33440443888
2025-06-21 10:45:54.855681,10255.33440443888
2025-06-22 10:45:54.855681,10255.33440443888
2025-06-23 10:45:54.855681,10255.33440443888
2025-06-24 10:45:54.855681,10255.33440443888
2025-06-25 10:45:54.855681,10255.33440443888
2025-06-26 10:45:54.855681,10255.33440443888
2025-06-27 10:45:54.855681,10255.33440443888
2025-06-28 10:45:54.855681,10255.33440443888
2025-06-29 10:45:54.855681,10255.33440443888
2025-06-30 10:45:54.855681,10255.33440443888
2025-07-01 10:45:54.855681,10255.33440443888
2025-07-02 10:45:54.855681,10255.33440443888
2025-07-03 10:45:54.855681,10255.33440443888
2025-07-04 10:45:54.855681,10255.33440443888
2025-07-05 10:45:54.855681,10255.33440443888
2025-07-06 10:45:54.855681,10255.33440443888
2025-07-07 10:45:54.855681,10255.33440443888
2025-07-08 10:45:54.855681,10255.33440443888
2025-07-09 10:45:54.855681,10255.33440443888
2025-07-10 10:45:54.855681,10255.33440443888
2025-07-11 10:45:54.855681,10255.33440443888
2025-07-12 10:45:54.855681,10255.33440443888
2025-07-13 10:45:54.855681,10255.33440443888
2025-07-14 10:45:54.855681,10255.33440443888
2025-07-15 10:45:54.855681,10255.33440443888
2025-07-16 10:45:54.855681,10255.33440443888
2025-07-17 10:45:54.855681,10255.33440443888
2025-07-18 10:45:54.855681,10255.33440443888
2025-07-19 10:45:54.855681,10255.33440443888
2025-07-20 10:45:54.855681,10255.33440443888
2025-07-21 10:45:54.855681,10255.33440443888
2025-07-22 10:45:54.855681,10255.33440443888
2025-07-23 10:45:54.855681,10255.33440443888
2025-07-24 10:45:54.855681,10255.33440443888
2025-07-25 10:45:54.855681,10255.33440443888
2025-07-26 10:45:54.855681,10255.33440443888
2025-07-27 10:45:54.855681,10255.33440443888
2025-07-28 10:45:54.855681,10255.33440443888
2025-07-29 10:45:54.855681,10255.33440443888
2025-07-30 10:45:54.855681,10255.33440443888
2025-07-31 10:45:54.855681,10255.33440443888
2025-08-01 10:45:54.855681,10255.33440443888
2025-08-02 10:45:54.855681,10255.33440443888
2025-08-03 10:45:54.855681,10255.33440443888
2025-08-04 10:45:54.855681,10255.33440443888
2025-08-05 10:45:54.855681,10255.33440443888
2025-08-06 10:45:54.855681,10255.33440443888
2025-08-07 10:45:54.855681,10255.33440443888
2025-08-08 10:45:54.855681,10255.33440443888
2025-08-09 10:45:54.855681,10255.33440443888
2025-08-10 10:45:54.855681,10255.33440443888
2025-08-11 10:45:54.855681,10255.33440443888
2025-08-12 10:45:54.855681,10255.33440443888
2025-08-13 10:45:54.855681,10255.33440443888
2025-08-14 10:45:54.855681,10255.33440443888
2025-08-15 10:45:54.855681,10255.33440443888
2025-08-16 10:45:54.855681,10255.33440443888
2025-08-17 10:45:54.855681,10255.33440443888
2025-08-18 10:45:54.855681,10255.33440443888
2025-08-19 10:45:54.855681,10255.33440443888
2025-08-20 10:45:54.855681,10255.33440443888
2025-08-21 10:45:54.855681,10255.33440443888
2025-08-22 10:45:54.855681,10255.33440443888
2025-08-23 10:45:54.855681,10255.33440443888
2025-08-24 10:45:54.855681,10255.33440443888
2025-08-25 10:45:54.855681,10255.33440443888
2025-08-26 10:45:54.855681,10255.33440443888
2025-08-27 10:45:54.855681,10255.33440443888
2025-08-28 10:45:54.855681,10255.33440443888
2025-08-29 10:45:54.855681,10255.33440443888
2025-08-30 10:45:54.855681,10255.33440443888
2025-08-31 10:45:54.855681,10255.33440443888
2025-09-01 10:45:54.855681,10255.33440443888
2025-09-02 10:45:54.855681,10255.33440443888
2025-09-03 10:45:54.855681,10255.33440443888
2025-09-04 10:45:54.855681,10255.33440443888
2025-09-05 10:45:54.855681,10255.33440443888
2025-09-06 10:45:54.855681,10255.33440443888
2025-09-07 10:45:54.855681,10255.33440443888
2025-09-08 10:45:54.855681,8714.051881970317
2025-09-09 10:45:54.855681,8711.850057972095
2025-09-10 10:45:54.855681,8730.162470814954
2025-09-11 10:45:54.855681,8773.986123532117
2025-09-12 10:45:54.855681,8780.243190854297
2025-09-13 10:45:54.855681,8817.819973848078
2025-09-14 10:45:54.855681,8815.544225267777
2025-09-15 10:45:54.855681,8834.20491384095
2025-09-16 10:45:54.855681,8857.06350608106
2025-09-17 10:45:54.855681,8850.67899617638
2025-09-18 10:45:54.855681,8836.235251664599
2025-09-19 10:45:54.855681,8858.376810990756
2025-09-20 10:45:54.855681,8849.549212009111
2025-09-21 10:45:54.855681,8832.160437384526
2025-09-22 10:45:54.855681,10366.445291752543
2025-09-23 10:45:54.855681,10366.445291752543
2025-09-24 10:45:54.855681,10366.445291752543
2025-09-25 10:45:54.855681,10366.445291752543
2025-09-26 10:45:54.855681,10366.445291752543
2025-09-27 10:45:54.855681,10366.445291752543
2025-09-28 10:45:54.855681,10366.445291752543
2025-09-29 10:45:54.855681,10366.445291752543
2025-09-30 10:45:54.855681,10366.445291752543
2025-10-01 10:45:54.855681,10366.445291752543
2025-10-02 10:45:54.855681,10366.445291752543
2025-10-03 10:45:54.855681,10366.445291752543
2025-10-04 10:45:54.855681,10366.445291752543
2025-10-05 10:45:54.855681,10366.445291752543
2025-10-06 10:45:54.855681,10366.445291752543
2025-10-07 10:45:54.855681,10366.445291752543
2025-10-08 10:45:54.855681,10366.445291752543
2025-10-09 10:45:54.855681,10366.445291752543
2025-10-10 10:45:54.855681,10366.445291752543
2025-10-11 10:45:54.855681,10366.445291752543
2025-10-12 10:45:54.855681,10366.445291752543
2025-10-13 10:45:54.855681,10366.445291752543
2025-10-14 10:45:54.855681,10366.445291752543
2025-10-15 10:45:54.855681,10366.445291752543
2025-10-16 10:45:54.855681,10366.445291752543
2025-10-17 10:45:54.855681,10366.445291752543
2025-10-18 10:45:54.855681,10366.445291752543
2025-10-19 10:45:54.855681,10366.445291752543
2025-10-20 10:45:54.855681,10366.445291752543
2025-10-21 10:45:54.855681,10366.445291752543
2025-10-22 10:45:54.855681,10366.445291752543
2025-10-23 10:45:54.855681,10366.445291752543
2025-10-24 10:45:54.855681,10366.445291752543
2025-10-25 10:45:54.855681,10366.445291752543
2025-10-26 10:45:54.855681,10366.445291752543
2025-10-27 10:45:54.855681,10366.445291752543
2025-10-28 10:45:54.855681,10366.445291752543
2025-10-29 10:45:54.855681,10366.445291752543
2025-10-30 10:45:54.855681,10366.445291752543
2025-10-31 10:45:54.855681,10366.445291752543
2025-11-01 10:45:54.855681,10366.445291752543
2025-11-02 10:45:54.855681,10366.445291752543
2025-11-03 10:45:54.855681,10366.445291752543
2025-11-04 10:45:54.855681,10366.445291752543
2025-11-05 10:45:54.855681,10366.445291752543
